"","time","posX","posY","orientation","X00.14.bf.b1.97.8a","X00.0f.a3.39.e1.c0","X00.14.bf.3b.c7.c6","X00.14.bf.b1.97.81","X00.14.bf.b1.97.8d","X00.14.bf.b1.97.90","X00.0f.a3.39.dd.cd","nas","posXY","angle"
"1","1139693255164",0.47,8.2,5.8,-45,-48,-60,-71,-62,-46,-72,0,"0.47-8.2",0
"2","1139693255416",0.47,8.2,5.8,-45,-48,-62,-56.6546902475314,-57,-50,-72,1,"0.47-8.2",0
"3","1139693255668",0.47,8.2,5.8,-46,-49,-80,-68,-64,-48,-76,0,"0.47-8.2",0
"4","1139693255920",0.47,8.2,5.8,-56.4354204773103,-49,-60.0102496192809,-56.6546902475314,-66,-66.2612341491531,-68,4,"0.47-8.2",0
"5","1139693256172",0.47,8.2,5.8,-44,-48,-60.0102496192809,-56.6546902475314,-54.8630723149337,-66.2612341491531,-70,4,"0.47-8.2",0
"6","1139693256424",0.47,8.2,5.8,-45,-48,-61,-72,-54.8630723149337,-47,-78,1,"0.47-8.2",0
"7","1139693256676",0.47,8.2,5.8,-45.5,-48,-74,-72,-66,-51,-75,0,"0.47-8.2",0
"8","1139693256928",0.47,8.2,5.8,-46,-49,-73,-71,-65,-49,-74,0,"0.47-8.2",0
"9","1139693257180",0.47,8.2,5.8,-46,-50,-75,-72,-66,-50.5,-79,0,"0.47-8.2",0
"10","1139693257432",0.47,8.2,5.8,-45.5,-50,-61,-73,-65,-47,-78,0,"0.47-8.2",0
"11","1139693257684",0.47,8.2,5.8,-56.4354204773103,-49,-73.5,-71,-65,-51,-74,1,"0.47-8.2",0
"12","1139693257936",0.47,8.2,5.8,-44.5,-50,-60.0102496192809,-72,-65,-69,-73,1,"0.47-8.2",0
"13","1139693258188",0.47,8.2,5.8,-45,-51,-62,-72,-56,-48,-74,0,"0.47-8.2",0
"14","1139693258440",0.47,8.2,5.8,-45,-50,-62,-56.6546902475314,-57,-52,-74,1,"0.47-8.2",0
"15","1139693258692",0.47,8.2,5.8,-45,-51,-62,-56.6546902475314,-65,-50,-71,1,"0.47-8.2",0
"16","1139693258944",0.47,8.2,5.8,-45.5,-50,-61,-73,-54.8630723149337,-47,-76,1,"0.47-8.2",0
"17","1139693259196",0.47,8.2,5.8,-46,-50,-62,-56.6546902475314,-57,-66.2612341491531,-74,2,"0.47-8.2",0
"18","1139693259448",0.47,8.2,5.8,-45,-49,-63,-73,-56,-53,-70,0,"0.47-8.2",0
"19","1139693259700",0.47,8.2,5.8,-56.4354204773103,-49,-61,-73,-57,-47,-71,1,"0.47-8.2",0
"20","1139693259952",0.47,8.2,5.8,-46,-49,-62,-56.6546902475314,-54.8630723149337,-49,-74,2,"0.47-8.2",0
"21","1139693260204",0.47,8.2,5.8,-44,-49,-61,-68,-66,-53,-77,0,"0.47-8.2",0
"22","1139693260456",0.47,8.2,5.8,-46,-50,-75,-74,-67,-50,-76,0,"0.47-8.2",0
"23","1139693260708",0.47,8.2,5.8,-46,-50,-60.0102496192809,-72,-62,-50,-77,1,"0.47-8.2",0
"24","1139693260960",0.47,8.2,5.8,-56.4354204773103,-50,-60.0102496192809,-76,-54.8630723149337,-47,-75,3,"0.47-8.2",0
"25","1139693261212",0.47,8.2,5.8,-44,-49,-62,-70,-66,-66.2612341491531,-75,1,"0.47-8.2",0
"26","1139693261464",0.47,8.2,5.8,-44,-49,-60.0102496192809,-77,-54.8630723149337,-45,-77,2,"0.47-8.2",0
"27","1139693261716",0.47,8.2,5.8,-56.4354204773103,-49,-62,-71,-60,-52,-77,1,"0.47-8.2",0
"28","1139693261968",0.47,8.2,5.8,-44,-49,-62,-56.6546902475314,-54.8630723149337,-66.2612341491531,-74,3,"0.47-8.2",0
"29","1139693262220",0.47,8.2,5.8,-46,-49,-75,-68,-54.8630723149337,-44,-77,1,"0.47-8.2",0
"30","1139693262472",0.47,8.2,5.8,-47,-49,-62,-70,-64,-47,-75,0,"0.47-8.2",0
"31","1139693262724",0.47,8.2,5.8,-47,-49,-61,-56.6546902475314,-61,-50,-75,1,"0.47-8.2",0
"32","1139693262976",0.47,8.2,5.8,-45,-49,-61,-77,-64,-52,-74,0,"0.47-8.2",0
"33","1139693263228",0.47,8.2,5.8,-44.5,-49,-75,-56.6546902475314,-64,-47,-75,1,"0.47-8.2",0
"34","1139693263480",0.47,8.2,5.8,-46,-49,-61,-72,-54.8630723149337,-48,-76,1,"0.47-8.2",0
"35","1139693263732",0.47,8.2,5.8,-46,-48,-60.0102496192809,-74,-54.8630723149337,-66.2612341491531,-74,3,"0.47-8.2",0
"36","1139693263984",0.47,8.2,5.8,-44,-49,-63,-73,-67,-45,-75,0,"0.47-8.2",0
"37","1139693264236",0.47,8.2,5.8,-44,-49,-60.0102496192809,-71,-54.8630723149337,-47,-75,2,"0.47-8.2",0
"38","1139693264488",0.47,8.2,5.8,-45,-49,-62,-73,-57,-53,-75,0,"0.47-8.2",0
"39","1139693264740",0.47,8.2,5.8,-45,-52,-60,-75,-58,-54,-74,0,"0.47-8.2",0
"40","1139693264992",0.47,8.2,5.8,-45,-51,-60.0102496192809,-73,-69,-48,-75,1,"0.47-8.2",0
"41","1139693265244",0.47,8.2,5.8,-46,-49,-62,-56.6546902475314,-56,-55,-68,1,"0.47-8.2",0
"42","1139693265496",0.47,8.2,5.8,-47,-52,-60,-56.6546902475314,-58,-49,-76,1,"0.47-8.2",0
"43","1139693265748",0.47,8.2,5.8,-47,-49,-59,-72,-54.8630723149337,-45,-72,1,"0.47-8.2",0
"44","1139693266000",0.47,8.2,5.8,-45,-48,-61.5,-56.6546902475314,-54.8630723149337,-55,-67,2,"0.47-8.2",0
"45","1139693266252",0.47,8.2,5.8,-56.4354204773103,-48,-61,-71,-56,-54,-71,1,"0.47-8.2",0
"46","1139693266504",0.47,8.2,5.8,-46,-48,-63,-72,-56,-52,-76,0,"0.47-8.2",0
"47","1139693266756",0.47,8.2,5.8,-47,-49,-63,-71,-67,-49,-76,0,"0.47-8.2",0
"48","1139693267008",0.47,8.2,5.8,-44,-48,-63,-76,-54.8630723149337,-47,-74,1,"0.47-8.2",0
"49","1139693267261",0.47,8.2,5.8,-46.5,-48,-60.0102496192809,-76,-68,-51,-76,1,"0.47-8.2",0
"50","1139693267512",0.47,8.2,5.8,-56.4354204773103,-49,-60,-67,-58,-66.2612341491531,-68,2,"0.47-8.2",0
"51","1139693267765",0.47,8.2,5.8,-47,-49,-62,-72,-58,-54,-78,0,"0.47-8.2",0
"52","1139693268017",0.47,8.2,5.8,-46,-49,-60.0102496192809,-56.6546902475314,-58,-47,-78,2,"0.47-8.2",0
"53","1139693268269",0.47,8.2,5.8,-47,-49,-62,-67,-70,-51,-73,0,"0.47-8.2",0
"54","1139693268521",0.47,8.2,5.8,-47,-49,-62,-56.6546902475314,-57,-46,-72,1,"0.47-8.2",0
"55","1139693268773",0.47,8.2,5.8,-56.4354204773103,-49,-60,-69,-58,-45,-75,1,"0.47-8.2",0
"56","1139693269025",0.47,8.2,5.8,-46,-49,-60.0102496192809,-71,-57,-48,-74,1,"0.47-8.2",0
"57","1139693269277",0.47,8.2,5.8,-47,-52,-63,-71,-68,-52,-71,0,"0.47-8.2",0
"58","1139693269529",0.47,8.2,5.8,-48,-49,-61,-76,-54.8630723149337,-54,-72,1,"0.47-8.2",0
"59","1139693269781",0.47,8.2,5.8,-44,-49,-75,-74,-68,-49,-77,0,"0.47-8.2",0
"60","1139693270033",0.47,8.2,5.8,-47,-51,-61,-74,-54.8630723149337,-52,-76,1,"0.47-8.2",0
"61","1139693270285",0.47,8.2,5.8,-46.5,-50,-62,-74,-59,-66.2612341491531,-73,1,"0.47-8.2",0
"62","1139693270537",0.47,8.2,5.8,-47,-50,-63,-75,-68,-54,-76,0,"0.47-8.2",0
"63","1139693270789",0.47,8.2,5.8,-43.5,-51,-63,-73,-54.8630723149337,-54,-72,1,"0.47-8.2",0
"64","1139693271041",0.47,8.2,5.8,-46,-49,-63,-69,-67,-46,-71,0,"0.47-8.2",0
"65","1139693271293",0.47,8.2,5.8,-45,-49,-63,-77,-56,-48,-75,0,"0.47-8.2",0
"66","1139693271545",0.47,8.2,5.8,-47,-49,-60.0102496192809,-76,-56,-52,-70,1,"0.47-8.2",0
"67","1139693271797",0.47,8.2,5.8,-46,-49,-60.0102496192809,-73,-56,-45,-75,1,"0.47-8.2",0
"68","1139693272049",0.47,8.2,5.8,-46,-50,-75,-73,-58,-50,-75,0,"0.47-8.2",0
"69","1139693272305",0.47,8.2,5.8,-46,-50,-75,-73,-54.8630723149337,-47,-73,1,"0.47-8.2",0
"70","1139693272557",0.47,8.2,5.8,-56.4354204773103,-49,-60,-74,-58,-51,-72,1,"0.47-8.2",0
"71","1139693272809",0.47,8.2,5.8,-45,-49,-60.0102496192809,-56.6546902475314,-54.8630723149337,-66.2612341491531,-71,4,"0.47-8.2",0
"72","1139693273061",0.47,8.2,5.8,-44.5,-49,-62,-74,-59,-53,-76,0,"0.47-8.2",0
"73","1139693273313",0.47,8.2,5.8,-56.4354204773103,-52,-76,-73,-58,-48,-75,1,"0.47-8.2",0
"74","1139693273565",0.47,8.2,5.8,-46,-52,-63,-56.6546902475314,-57,-66.2612341491531,-75,2,"0.47-8.2",0
"75","1139693273817",0.47,8.2,5.8,-46.5,-52,-60.0102496192809,-72,-54.8630723149337,-46,-73,2,"0.47-8.2",0
"76","1139693274069",0.47,8.2,5.8,-48,-53,-60.0102496192809,-71,-54.8630723149337,-46,-76,2,"0.47-8.2",0
"77","1139693274321",0.47,8.2,5.8,-48,-49,-60,-76.5,-58,-49,-75,0,"0.47-8.2",0
"78","1139693274573",0.47,8.2,5.8,-48,-54,-63,-70,-54.8630723149337,-66.2612341491531,-76,2,"0.47-8.2",0
"79","1139693274825",0.47,8.2,5.8,-47,-49,-63,-56.6546902475314,-56,-49,-73,1,"0.47-8.2",0
"80","1139693275077",0.47,8.2,5.8,-46,-49,-63,-56.6546902475314,-54.8630723149337,-56,-76,2,"0.47-8.2",0
"81","1139693275333",0.47,8.2,5.8,-56.4354204773103,-49,-63,-72,-54.8630723149337,-54,-74,2,"0.47-8.2",0
"82","1139693275585",0.47,8.2,5.8,-47,-49,-64,-56.6546902475314,-58,-49,-73,1,"0.47-8.2",0
"83","1139693275837",0.47,8.2,5.8,-46,-49,-60,-56.6546902475314,-58,-47,-76,1,"0.47-8.2",0
"84","1139693276089",0.47,8.2,5.8,-45,-49,-75,-77,-58,-44,-76,0,"0.47-8.2",0
"85","1139693276341",0.47,8.2,5.8,-45,-52,-60.0102496192809,-72,-54.8630723149337,-50,-74,2,"0.47-8.2",0
"86","1139693276593",0.47,8.2,5.8,-45,-49,-63,-71,-58,-53,-70,0,"0.47-8.2",0
"87","1139693276845",0.47,8.2,5.8,-47,-49,-63,-56.6546902475314,-58,-46,-75,1,"0.47-8.2",0
"88","1139693277097",0.47,8.2,5.8,-46.5,-49,-62,-71,-54.8630723149337,-47,-77,1,"0.47-8.2",0
"89","1139693277349",0.47,8.2,5.8,-46,-49,-63,-76,-58,-51,-73,0,"0.47-8.2",0
"90","1139693277601",0.47,8.2,5.8,-46.5,-52,-60.0102496192809,-56.6546902475314,-68,-54,-75,2,"0.47-8.2",0
"91","1139693277853",0.47,8.2,5.8,-47,-52,-63,-72,-58,-47,-72,0,"0.47-8.2",0
"92","1139693278105",0.47,8.2,5.8,-47,-49,-63,-72,-69,-50,-76,0,"0.47-8.2",0
"93","1139693278357",0.47,8.2,5.8,-44.5,-49,-62,-56.6546902475314,-58,-46,-73,1,"0.47-8.2",0
"94","1139693278609",0.47,8.2,5.8,-46,-50,-63,-71,-58,-48,-75,0,"0.47-8.2",0
"95","1139693278861",0.47,8.2,5.8,-44,-49,-62,-56.6546902475314,-69,-53,-73,1,"0.47-8.2",0
"96","1139693279113",0.47,8.2,5.8,-45,-49,-63,-73,-58,-50,-70,0,"0.47-8.2",0
"97","1139693279365",0.47,8.2,5.8,-46,-49,-62,-73,-57,-53,-75.5,0,"0.47-8.2",0
"98","1139693279617",0.47,8.2,5.8,-45,-49,-73,-73,-54.8630723149337,-45,-75,1,"0.47-8.2",0
"99","1139693279869",0.47,8.2,5.8,-45,-49,-62,-69,-58,-53,-76,0,"0.47-8.2",0
"100","1139693280121",0.47,8.2,5.8,-56.4354204773103,-49,-61,-73,-56,-47,-73,1,"0.47-8.2",0
"101","1139693280373",0.47,8.2,5.8,-45,-50,-63,-73,-68,-66.2612341491531,-77,1,"0.47-8.2",0
"102","1139693280625",0.47,8.2,5.8,-45,-50,-63,-74,-56,-53,-78,0,"0.47-8.2",0
"103","1139693280877",0.47,8.2,5.8,-44,-49,-63,-69,-54.8630723149337,-52,-76,1,"0.47-8.2",0
"104","1139693281129",0.47,8.2,5.8,-56.4354204773103,-49,-62,-56.6546902475314,-58,-50,-70,2,"0.47-8.2",0
"105","1139693281381",0.47,8.2,5.8,-43,-49,-61,-72,-54.8630723149337,-52,-77,1,"0.47-8.2",0
"106","1139693281633",0.47,8.2,5.8,-44.5,-48,-63,-74,-54.8630723149337,-47,-74,1,"0.47-8.2",0
"107","1139693281885",0.47,8.2,5.8,-46,-52,-63,-73,-56,-44,-72,0,"0.47-8.2",0
"108","1139693282137",0.47,8.2,5.8,-44,-51,-60.0102496192809,-73,-54.8630723149337,-44,-71,2,"0.47-8.2",0
"109","1139693282389",0.47,8.2,5.8,-45,-49,-72,-56.6546902475314,-54.8630723149337,-50,-76,2,"0.47-8.2",0
"110","1139693282641",0.47,8.2,5.8,-45,-49,-62,-72,-58,-46,-74,0,"0.47-8.2",0
"111","1139693665709",0.78,10.94,348.3,-51,-54,-69,-65,-63,-55,-70,0,"0.78-10.94",0
"112","1139693665961",0.78,10.94,348.3,-46,-52,-68,-63,-63,-51,-73,0,"0.78-10.94",0
"113","1139693666213",0.78,10.94,348.3,-56.4354204773103,-56,-68.5,-56.6546902475314,-64,-55,-72,2,"0.78-10.94",0
"114","1139693666465",0.78,10.94,348.3,-49,-52,-67,-68,-54.8630723149337,-57,-71,1,"0.78-10.94",0
"115","1139693666718",0.78,10.94,348.3,-45,-52,-66,-67,-64,-66.2612341491531,-73,1,"0.78-10.94",0
"116","1139693666969",0.78,10.94,348.3,-46,-55,-66,-66,-54.8630723149337,-66.2612341491531,-71,2,"0.78-10.94",0
"117","1139693667221",0.78,10.94,348.3,-51,-54,-60.0102496192809,-66,-64,-58,-68,1,"0.78-10.94",0
"118","1139693667474",0.78,10.94,348.3,-51,-54,-60.0102496192809,-62,-64,-57,-72,1,"0.78-10.94",0
"119","1139693667726",0.78,10.94,348.3,-46,-51,-68,-56.6546902475314,-71,-57,-70,1,"0.78-10.94",0
"120","1139693667978",0.78,10.94,348.3,-56.4354204773103,-55,-60.0102496192809,-56.6546902475314,-54.8630723149337,-52,-68,4,"0.78-10.94",0
"121","1139693668229",0.78,10.94,348.3,-46,-54,-60.0102496192809,-56.6546902475314,-63,-57,-70,2,"0.78-10.94",0
"122","1139693668482",0.78,10.94,348.3,-47,-55,-68,-64,-71,-59,-70,0,"0.78-10.94",0
"123","1139693668734",0.78,10.94,348.3,-50,-52,-64,-68,-54.8630723149337,-55,-68,1,"0.78-10.94",0
"124","1139693668986",0.78,10.94,348.3,-49,-52,-66,-74,-64,-59,-69,0,"0.78-10.94",0
"125","1139693669238",0.78,10.94,348.3,-47,-55,-67,-56.6546902475314,-64,-57,-69,1,"0.78-10.94",0
"126","1139693669490",0.78,10.94,348.3,-50,-54,-60.0102496192809,-68,-62,-66.2612341491531,-69,2,"0.78-10.94",0
"127","1139693669742",0.78,10.94,348.3,-51.5,-52,-66,-77,-63,-56,-74,0,"0.78-10.94",0
"128","1139693669994",0.78,10.94,348.3,-46,-52,-68,-56.6546902475314,-64,-66.2612341491531,-73,2,"0.78-10.94",0
"129","1139693670246",0.78,10.94,348.3,-56.4354204773103,-52,-66,-64,-63,-56,-69,1,"0.78-10.94",0
"130","1139693670498",0.78,10.94,348.3,-46,-56,-67,-65,-72,-52,-69,0,"0.78-10.94",0
"131","1139693670750",0.78,10.94,348.3,-51,-51,-65,-64,-63,-56,-75,0,"0.78-10.94",0
"132","1139693671002",0.78,10.94,348.3,-52,-52,-66,-64,-63,-51,-71,0,"0.78-10.94",0
"133","1139693671254",0.78,10.94,348.3,-45,-54,-65,-64,-54.8630723149337,-66.2612341491531,-75,2,"0.78-10.94",0
"134","1139693671506",0.78,10.94,348.3,-48,-53,-65.5,-77,-64,-53,-70,0,"0.78-10.94",0
"135","1139693671758",0.78,10.94,348.3,-46,-53,-65,-74,-69,-50,-72,0,"0.78-10.94",0
"136","1139693672010",0.78,10.94,348.3,-56.4354204773103,-53,-64,-67,-66,-52,-71,1,"0.78-10.94",0
"137","1139693672262",0.78,10.94,348.3,-51,-54,-60.0102496192809,-56.6546902475314,-54.8630723149337,-57,-72,3,"0.78-10.94",0
"138","1139693672514",0.78,10.94,348.3,-50.5,-54,-68,-67,-69,-51,-69,0,"0.78-10.94",0
"139","1139693672766",0.78,10.94,348.3,-51.5,-53,-69,-64,-64,-51,-69,0,"0.78-10.94",0
"140","1139693673018",0.78,10.94,348.3,-56.4354204773103,-53,-67.6666666666667,-64,-64,-51,-71,1,"0.78-10.94",0
"141","1139693673270",0.78,10.94,348.3,-47,-53,-68,-56.6546902475314,-54.8630723149337,-49,-69,2,"0.78-10.94",0
"142","1139693673522",0.78,10.94,348.3,-51,-54,-69,-56.6546902475314,-64,-53,-69,1,"0.78-10.94",0
"143","1139693673774",0.78,10.94,348.3,-50,-54,-66,-65,-54.8630723149337,-55,-70,1,"0.78-10.94",0
"144","1139693674026",0.78,10.94,348.3,-47,-54,-69,-56.6546902475314,-73,-56,-73,1,"0.78-10.94",0
"145","1139693674278",0.78,10.94,348.3,-50,-53,-60.0102496192809,-56.6546902475314,-64,-52,-70,2,"0.78-10.94",0
"146","1139693674530",0.78,10.94,348.3,-47,-54,-66,-67,-63,-52,-71,0,"0.78-10.94",0
"147","1139693674782",0.78,10.94,348.3,-52,-54,-67,-68,-54.8630723149337,-66.2612341491531,-69,2,"0.78-10.94",0
"148","1139693675034",0.78,10.94,348.3,-51,-53,-68,-65,-71,-50,-69,0,"0.78-10.94",0
"149","1139693675286",0.78,10.94,348.3,-47,-52,-60.0102496192809,-65,-62,-57,-69,1,"0.78-10.94",0
"150","1139693675538",0.78,10.94,348.3,-51,-52,-67,-56.6546902475314,-63,-53,-70,1,"0.78-10.94",0
"151","1139693675790",0.78,10.94,348.3,-46,-54,-68,-56.6546902475314,-63,-66.2612341491531,-68,2,"0.78-10.94",0
"152","1139693676042",0.78,10.94,348.3,-48,-54,-60.0102496192809,-67,-54.8630723149337,-52,-73,2,"0.78-10.94",0
"153","1139693676294",0.78,10.94,348.3,-46,-52,-66,-66,-64,-56,-76,0,"0.78-10.94",0
"154","1139693676546",0.78,10.94,348.3,-52,-54,-60.0102496192809,-65,-54.8630723149337,-54,-69,2,"0.78-10.94",0
"155","1139693676798",0.78,10.94,348.3,-51,-55,-67,-67,-64,-56,-68,0,"0.78-10.94",0
"156","1139693677050",0.78,10.94,348.3,-47,-54,-66,-65,-54.8630723149337,-50,-75,1,"0.78-10.94",0
"157","1139693677302",0.78,10.94,348.3,-50,-54,-66,-68,-54.8630723149337,-52,-74,1,"0.78-10.94",0
"158","1139693677554",0.78,10.94,348.3,-56.4354204773103,-54,-68,-66,-63,-50,-72,1,"0.78-10.94",0
"159","1139693677806",0.78,10.94,348.3,-46,-54,-67,-65,-54.8630723149337,-57,-68,1,"0.78-10.94",0
"160","1139693678058",0.78,10.94,348.3,-48.5,-52,-65,-64,-64,-52,-74,0,"0.78-10.94",0
"161","1139693678310",0.78,10.94,348.3,-49,-55,-67,-63,-54.8630723149337,-57,-69,1,"0.78-10.94",0
"162","1139693678562",0.78,10.94,348.3,-51,-53,-68,-67,-54.8630723149337,-53,-70,1,"0.78-10.94",0
"163","1139693678814",0.78,10.94,348.3,-51,-52,-66,-68,-63.5,-53,-73,0,"0.78-10.94",0
"164","1139693679066",0.78,10.94,348.3,-46,-53,-66,-56.6546902475314,-67,-57,-73,1,"0.78-10.94",0
"165","1139693679318",0.78,10.94,348.3,-56.4354204773103,-53,-60.0102496192809,-56.6546902475314,-64,-49,-70,3,"0.78-10.94",0
"166","1139693679574",0.78,10.94,348.3,-47,-55,-67,-68,-54.8630723149337,-53,-69,1,"0.78-10.94",0
"167","1139693679826",0.78,10.94,348.3,-46.5,-53,-60.0102496192809,-64,-64,-57,-68,1,"0.78-10.94",0
"168","1139693680078",0.78,10.94,348.3,-56.4354204773103,-55,-67,-56.6546902475314,-63,-56,-75,2,"0.78-10.94",0
"169","1139693680330",0.78,10.94,348.3,-51,-54,-60.0102496192809,-62,-64,-54,-74,1,"0.78-10.94",0
"170","1139693680582",0.78,10.94,348.3,-45,-53,-68,-66,-63,-52,-71,0,"0.78-10.94",0
"171","1139693680834",0.78,10.94,348.3,-50.5,-53,-67,-56.6546902475314,-64,-49,-75,1,"0.78-10.94",0
"172","1139693681086",0.78,10.94,348.3,-51,-52,-60.0102496192809,-66,-71,-52,-74,1,"0.78-10.94",0
"173","1139693681338",0.78,10.94,348.3,-50,-53,-65,-65,-70,-54,-72,0,"0.78-10.94",0
"174","1139693681590",0.78,10.94,348.3,-46,-52,-67,-68,-54.8630723149337,-56,-74,1,"0.78-10.94",0
"175","1139693681842",0.78,10.94,348.3,-56.4354204773103,-52,-66,-56.6546902475314,-64,-58,-72,2,"0.78-10.94",0
"176","1139693682094",0.78,10.94,348.3,-56.4354204773103,-54,-60.0102496192809,-63,-63,-49,-73,2,"0.78-10.94",0
"177","1139693682346",0.78,10.94,348.3,-50,-56,-67.5,-63,-54.8630723149337,-53,-75,1,"0.78-10.94",0
"178","1139693682598",0.78,10.94,348.3,-46,-54,-67,-56.6546902475314,-65,-58,-69,1,"0.78-10.94",0
"179","1139693682854",0.78,10.94,348.3,-49,-52,-67,-56.6546902475314,-54.8630723149337,-66.2612341491531,-72,3,"0.78-10.94",0
"180","1139693683106",0.78,10.94,348.3,-56.4354204773103,-55,-60.0102496192809,-69,-64,-55,-68,2,"0.78-10.94",0
"181","1139693683358",0.78,10.94,348.3,-45,-55,-66,-69,-64,-55,-72,0,"0.78-10.94",0
"182","1139693683611",0.78,10.94,348.3,-49.5,-53,-68,-65,-64,-59,-72,0,"0.78-10.94",0
"183","1139693683863",0.78,10.94,348.3,-46,-54,-68,-65,-68,-57,-72,0,"0.78-10.94",0
"184","1139693684115",0.78,10.94,348.3,-48,-52,-67,-72,-65,-56,-73,0,"0.78-10.94",0
"185","1139693684367",0.78,10.94,348.3,-45,-53,-66,-56.6546902475314,-64,-57,-73,1,"0.78-10.94",0
"186","1139693684619",0.78,10.94,348.3,-49,-52,-68,-74,-54.8630723149337,-56,-71,1,"0.78-10.94",0
"187","1139693684871",0.78,10.94,348.3,-56.4354204773103,-54,-67,-66.5,-64,-51,-72,1,"0.78-10.94",0
"188","1139693685123",0.78,10.94,348.3,-49,-54,-68,-68,-64,-59,-74,0,"0.78-10.94",0
"189","1139693685375",0.78,10.94,348.3,-45,-52,-66,-56.6546902475314,-64,-55,-69,1,"0.78-10.94",0
"190","1139693685627",0.78,10.94,348.3,-49,-55,-60.0102496192809,-65,-64,-56,-73,1,"0.78-10.94",0
"191","1139693685879",0.78,10.94,348.3,-49,-52,-67,-56.6546902475314,-63,-55,-70,1,"0.78-10.94",0
"192","1139693686131",0.78,10.94,348.3,-46,-52,-60.0102496192809,-65,-54.8630723149337,-55,-72,2,"0.78-10.94",0
"193","1139693686383",0.78,10.94,348.3,-49.5,-54,-67,-68.5,-65,-57,-73,0,"0.78-10.94",0
"194","1139693686635",0.78,10.94,348.3,-49,-52,-67.5,-56.6546902475314,-64,-57,-72,1,"0.78-10.94",0
"195","1139693686887",0.78,10.94,348.3,-56.4354204773103,-55,-68,-56.6546902475314,-63,-56,-70,2,"0.78-10.94",0
"196","1139693687139",0.78,10.94,348.3,-46,-54,-60.0102496192809,-64,-67,-58,-70,1,"0.78-10.94",0
"197","1139693687391",0.78,10.94,348.3,-49,-52,-60.0102496192809,-67,-68,-59,-72,1,"0.78-10.94",0
"198","1139693687643",0.78,10.94,348.3,-47,-52,-67,-74,-54.8630723149337,-59,-73,1,"0.78-10.94",0
"199","1139693687895",0.78,10.94,348.3,-46,-52,-68,-64,-54.8630723149337,-59,-70,1,"0.78-10.94",0
"200","1139693688147",0.78,10.94,348.3,-51,-52,-66,-65,-54.8630723149337,-58,-69,1,"0.78-10.94",0
"201","1139693688399",0.78,10.94,348.3,-46,-52,-67,-69,-69,-55,-72,0,"0.78-10.94",0
"202","1139693688651",0.78,10.94,348.3,-46,-52,-67,-69,-69,-57,-75,0,"0.78-10.94",0
"203","1139693688905",0.78,10.94,348.3,-56.4354204773103,-55,-68,-75,-54.8630723149337,-54,-75,2,"0.78-10.94",0
"204","1139693689155",0.78,10.94,348.3,-51,-52,-67,-68,-64,-54,-75,0,"0.78-10.94",0
"205","1139693689407",0.78,10.94,348.3,-47,-55,-68,-68,-54.8630723149337,-58,-71,1,"0.78-10.94",0
"206","1139693689659",0.78,10.94,348.3,-46,-53,-68,-56.6546902475314,-54.8630723149337,-58,-70.3135619015994,3,"0.78-10.94",0
"207","1139693689911",0.78,10.94,348.3,-49,-53,-67,-56.6546902475314,-64,-66.2612341491531,-74,2,"0.78-10.94",0
"208","1139693690163",0.78,10.94,348.3,-46,-54,-67,-65,-54.8630723149337,-56,-74,1,"0.78-10.94",0
"209","1139693690415",0.78,10.94,348.3,-46,-51,-67,-75,-54.8630723149337,-51,-71,1,"0.78-10.94",0
"210","1139693690667",0.78,10.94,348.3,-47,-52,-66,-65,-54.8630723149337,-66.2612341491531,-72,2,"0.78-10.94",0
"211","1139693690919",0.78,10.94,348.3,-50,-52,-65,-56.6546902475314,-54.8630723149337,-66.2612341491531,-76,3,"0.78-10.94",0
"212","1139693691171",0.78,10.94,348.3,-51,-54,-67,-63,-63,-66.2612341491531,-71,1,"0.78-10.94",0
"213","1139693691423",0.78,10.94,348.3,-46,-52,-67,-65,-64,-58,-72,0,"0.78-10.94",0
"214","1139693691675",0.78,10.94,348.3,-47,-54,-67,-64,-68,-59,-71,0,"0.78-10.94",0
"215","1139693691927",0.78,10.94,348.3,-47,-54,-68,-56.6546902475314,-68,-59,-72,1,"0.78-10.94",0
"216","1139693692183",0.78,10.94,348.3,-46,-52,-66,-56.6546902475314,-64,-58,-72,1,"0.78-10.94",0
"217","1139693692435",0.78,10.94,348.3,-47,-52,-67,-56.6546902475314,-54.8630723149337,-50,-72,2,"0.78-10.94",0
"218","1139693692687",0.78,10.94,348.3,-47,-54,-67,-66,-64,-57,-72,0,"0.78-10.94",0
"219","1139693692940",0.78,10.94,348.3,-49,-55,-66,-64,-63,-53,-70,0,"0.78-10.94",0
"220","1139693693191",0.78,10.94,348.3,-49.5,-52,-66,-65,-54.8630723149337,-58,-69,1,"0.78-10.94",0
"221","1139694056134",7.48,7.36,340.1,-53,-48,-63,-67,-54.8630723149337,-61,-55,1,"7.48-7.36",0
"222","1139694056386",7.48,7.36,340.1,-50.5,-53.384679395735,-56,-58,-65,-61,-55,1,"7.48-7.36",0
"223","1139694056638",7.48,7.36,340.1,-48.5,-43,-60.5,-57,-56,-66.2612341491531,-67,1,"7.48-7.36",0
"224","1139694056890",7.48,7.36,340.1,-56.4354204773103,-41,-60,-66,-54,-62,-66,1,"7.48-7.36",0
"225","1139694057142",7.48,7.36,340.1,-56.4354204773103,-47,-57,-60,-54.8630723149337,-56,-63,2,"7.48-7.36",0
"226","1139694057394",7.48,7.36,340.1,-58,-47,-58,-61,-64,-60,-63,0,"7.48-7.36",0
"227","1139694057646",7.48,7.36,340.1,-51,-46,-60,-66,-56,-67,-66,0,"7.48-7.36",0
"228","1139694057900",7.48,7.36,340.1,-61,-43,-59,-65,-55,-61,-65,0,"7.48-7.36",0
"229","1139694058154",7.48,7.36,340.1,-56.4354204773103,-42,-60,-60,-55,-62,-65,1,"7.48-7.36",0
"230","1139694058406",7.48,7.36,340.1,-56.4354204773103,-42,-59,-60,-56,-61,-64,1,"7.48-7.36",0
"231","1139694058658",7.48,7.36,340.1,-60,-47,-60,-64,-67,-67,-64,0,"7.48-7.36",0
"232","1139694058910",7.48,7.36,340.1,-50.5,-45,-61,-64,-57,-68,-64,0,"7.48-7.36",0
"233","1139694059162",7.48,7.36,340.1,-51,-42,-59,-58,-67,-61,-65,0,"7.48-7.36",0
"234","1139694059414",7.48,7.36,340.1,-50.5,-42,-60.0102496192809,-62,-57,-64,-67,1,"7.48-7.36",0
"235","1139694059666",7.48,7.36,340.1,-58,-43,-59,-56.6546902475314,-56,-67,-57,1,"7.48-7.36",0
"236","1139694059918",7.48,7.36,340.1,-56.4354204773103,-45,-60.0102496192809,-62,-67,-63,-56,2,"7.48-7.36",0
"237","1139694060170",7.48,7.36,340.1,-59.5,-42,-61,-56.6546902475314,-67,-62,-57,1,"7.48-7.36",0
"238","1139694060422",7.48,7.36,340.1,-52,-43,-60,-60,-54.8630723149337,-62,-66,1,"7.48-7.36",0
"239","1139694060674",7.48,7.36,340.1,-59,-42,-61,-58,-57,-61,-64,0,"7.48-7.36",0
"240","1139694060926",7.48,7.36,340.1,-51,-43,-59,-65,-57,-68,-56,0,"7.48-7.36",0
"241","1139694061182",7.48,7.36,340.1,-56.4354204773103,-43,-60,-56.6546902475314,-68,-68,-55,2,"7.48-7.36",0
"242","1139694061434",7.48,7.36,340.1,-50,-46,-60,-56.6546902475314,-59,-63,-64,1,"7.48-7.36",0
"243","1139694061686",7.48,7.36,340.1,-56,-46,-60,-60,-56,-68,-65,0,"7.48-7.36",0
"244","1139694061938",7.48,7.36,340.1,-56.4354204773103,-46,-60.0102496192809,-64,-66,-66.2612341491531,-64,3,"7.48-7.36",0
"245","1139694062190",7.48,7.36,340.1,-50,-45,-60,-63,-58,-63,-63,0,"7.48-7.36",0
"246","1139694062442",7.48,7.36,340.1,-56.4354204773103,-45,-59,-60,-57,-62,-63,1,"7.48-7.36",0
"247","1139694062694",7.48,7.36,340.1,-50,-46,-59,-65,-54.8630723149337,-67,-65,1,"7.48-7.36",0
"248","1139694062946",7.48,7.36,340.1,-50.5,-43,-60,-61,-56,-66.2612341491531,-55,1,"7.48-7.36",0
"249","1139694063198",7.48,7.36,340.1,-50,-44,-59,-58,-67,-66.2612341491531,-56,1,"7.48-7.36",0
"250","1139694063450",7.48,7.36,340.1,-51,-46,-60,-60,-67,-64,-57,0,"7.48-7.36",0
"251","1139694063702",7.48,7.36,340.1,-61,-46,-60.0102496192809,-60,-65,-68,-58,1,"7.48-7.36",0
"252","1139694063954",7.48,7.36,340.1,-57,-46,-60,-61,-59,-66.2612341491531,-56,1,"7.48-7.36",0
"253","1139694064206",7.48,7.36,340.1,-51,-45,-60.0102496192809,-56.6546902475314,-54.8630723149337,-68,-57,3,"7.48-7.36",0
"254","1139694064458",7.48,7.36,340.1,-50,-42,-60,-56.6546902475314,-54.8630723149337,-62,-56,2,"7.48-7.36",0
"255","1139694064710",7.48,7.36,340.1,-50,-43,-60,-61,-67,-63,-58,0,"7.48-7.36",0
"256","1139694064962",7.48,7.36,340.1,-60,-43,-58,-61,-67,-63,-55,0,"7.48-7.36",0
"257","1139694065214",7.48,7.36,340.1,-59,-42,-58,-64,-58,-68,-55,0,"7.48-7.36",0
"258","1139694065466",7.48,7.36,340.1,-50,-41,-60,-62,-69,-63,-63,0,"7.48-7.36",0
"259","1139694065718",7.48,7.36,340.1,-50.3333333333333,-45,-60,-65,-58,-66.2612341491531,-65,1,"7.48-7.36",0
"260","1139694065970",7.48,7.36,340.1,-56.4354204773103,-46,-59,-61,-58,-58,-64,1,"7.48-7.36",0
"261","1139694066222",7.48,7.36,340.1,-50,-46,-60.0102496192809,-57,-57,-62,-63,1,"7.48-7.36",0
"262","1139694066474",7.48,7.36,340.1,-50,-45,-61,-63,-58,-67,-61,0,"7.48-7.36",0
"263","1139694066726",7.48,7.36,340.1,-50,-46,-61,-64,-58,-66.2612341491531,-61,1,"7.48-7.36",0
"264","1139694066979",7.48,7.36,340.1,-52,-43,-59,-61,-62,-67,-67,0,"7.48-7.36",0
"265","1139694067234",7.48,7.36,340.1,-51,-45,-60.0102496192809,-59,-65,-63,-66,1,"7.48-7.36",0
"266","1139694067486",7.48,7.36,340.1,-52,-45,-60,-59,-67,-67,-64,0,"7.48-7.36",0
"267","1139694067739",7.48,7.36,340.1,-58,-45,-60,-62,-54.8630723149337,-65,-66,1,"7.48-7.36",0
"268","1139694067991",7.48,7.36,340.1,-50,-45,-60.0102496192809,-65,-58,-67,-63,1,"7.48-7.36",0
"269","1139694068243",7.48,7.36,340.1,-59,-46,-61,-63,-67,-63,-67,0,"7.48-7.36",0
"270","1139694068495",7.48,7.36,340.1,-50,-46,-60,-62,-58,-62,-66,0,"7.48-7.36",0
"271","1139694068747",7.48,7.36,340.1,-56.4354204773103,-44,-59,-62,-58,-63,-67,1,"7.48-7.36",0
"272","1139694068999",7.48,7.36,340.1,-50,-46,-59,-60,-57,-68,-67,0,"7.48-7.36",0
"273","1139694069251",7.48,7.36,340.1,-56.4354204773103,-45,-60,-61,-57,-67,-65,1,"7.48-7.36",0
"274","1139694069503",7.48,7.36,340.1,-51,-46,-60.0102496192809,-60,-57,-61,-65,1,"7.48-7.36",0
"275","1139694069755",7.48,7.36,340.1,-48,-40,-58,-56.6546902475314,-68,-66.2612341491531,-63,2,"7.48-7.36",0
"276","1139694070007",7.48,7.36,340.1,-57,-40,-60,-56.6546902475314,-56,-66,-67,1,"7.48-7.36",0
"277","1139694070259",7.48,7.36,340.1,-51,-45,-59,-64,-57,-61,-62,0,"7.48-7.36",0
"278","1139694070511",7.48,7.36,340.1,-56,-45,-60.0102496192809,-61,-54.8630723149337,-66.2612341491531,-67,3,"7.48-7.36",0
"279","1139694070763",7.48,7.36,340.1,-52,-46,-60,-61,-54.8630723149337,-66.2612341491531,-66,2,"7.48-7.36",0
"280","1139694071015",7.48,7.36,340.1,-50,-45,-60,-58,-56,-67,-66,0,"7.48-7.36",0
"281","1139694071267",7.48,7.36,340.1,-50,-46,-61,-60,-63,-65,-69,0,"7.48-7.36",0
"282","1139694071519",7.48,7.36,340.1,-58,-45,-58,-61,-67,-63,-67,0,"7.48-7.36",0
"283","1139694071771",7.48,7.36,340.1,-51,-46,-57,-64,-67,-63,-68,0,"7.48-7.36",0
"284","1139694072023",7.48,7.36,340.1,-51,-46,-59,-64,-54.8630723149337,-61,-68,1,"7.48-7.36",0
"285","1139694072275",7.48,7.36,340.1,-58,-41,-60,-64,-69,-68,-56,0,"7.48-7.36",0
"286","1139694072527",7.48,7.36,340.1,-50,-41,-58,-56.6546902475314,-56,-61,-57,1,"7.48-7.36",0
"287","1139694072779",7.48,7.36,340.1,-56.4354204773103,-40,-59,-56.6546902475314,-57,-66,-56,2,"7.48-7.36",0
"288","1139694073031",7.48,7.36,340.1,-50,-40,-60.0102496192809,-56.6546902475314,-56,-66.2612341491531,-56,3,"7.48-7.36",0
"289","1139694073283",7.48,7.36,340.1,-50,-40,-59,-56.6546902475314,-70,-66.2612341491531,-56,2,"7.48-7.36",0
"290","1139694073535",7.48,7.36,340.1,-51,-46,-60.0102496192809,-59,-56,-66,-62,1,"7.48-7.36",0
"291","1139694073787",7.48,7.36,340.1,-50,-45,-60,-63,-70,-67,-64,0,"7.48-7.36",0
"292","1139694074039",7.48,7.36,340.1,-50.5,-45,-59,-64,-68,-58,-57,0,"7.48-7.36",0
"293","1139694074291",7.48,7.36,340.1,-51,-42,-60,-62,-56,-66.2612341491531,-67,1,"7.48-7.36",0
"294","1139694074543",7.48,7.36,340.1,-51.5,-45,-60,-64,-57,-66.2612341491531,-66,1,"7.48-7.36",0
"295","1139694074795",7.48,7.36,340.1,-59,-46,-59,-62,-57,-66,-69,0,"7.48-7.36",0
"296","1139694075047",7.48,7.36,340.1,-56.4354204773103,-43,-60.0102496192809,-56.6546902475314,-69,-62.5,-64,3,"7.48-7.36",0
"297","1139694075299",7.48,7.36,340.1,-56.4354204773103,-41,-60.0102496192809,-56.6546902475314,-52,-67,-69,3,"7.48-7.36",0
"298","1139694075551",7.48,7.36,340.1,-52,-41,-60,-65,-54.8630723149337,-66,-66,1,"7.48-7.36",0
"299","1139694075803",7.48,7.36,340.1,-52,-41,-60,-62,-54.8630723149337,-67,-68,1,"7.48-7.36",0
"300","1139694076055",7.48,7.36,340.1,-54,-40,-60,-62,-56,-66,-63,0,"7.48-7.36",0
"301","1139694076307",7.48,7.36,340.1,-50,-45,-59,-65,-57,-61,-64,0,"7.48-7.36",0
"302","1139694076559",7.48,7.36,340.1,-58,-46,-60,-59,-69,-67,-56,0,"7.48-7.36",0
"303","1139694076811",7.48,7.36,340.1,-56.4354204773103,-40,-60,-56.6546902475314,-54.8630723149337,-60,-56,3,"7.48-7.36",0
"304","1139694077063",7.48,7.36,340.1,-58,-40,-60,-58,-54,-66.2612341491531,-68,1,"7.48-7.36",0
"305","1139694077315",7.48,7.36,340.1,-56.4354204773103,-40,-60,-59,-56,-66.2612341491531,-67,2,"7.48-7.36",0
"306","1139694077567",7.48,7.36,340.1,-56.4354204773103,-40,-59,-64,-55,-66.2612341491531,-63,2,"7.48-7.36",0
"307","1139694077819",7.48,7.36,340.1,-50,-45,-59,-64,-56,-66.2612341491531,-62,1,"7.48-7.36",0
"308","1139694078071",7.48,7.36,340.1,-48,-41,-60,-56.6546902475314,-55,-65,-65,1,"7.48-7.36",0
"309","1139694078323",7.48,7.36,340.1,-50,-41,-60,-61,-53,-61,-69,0,"7.48-7.36",0
"310","1139694078575",7.48,7.36,340.1,-50,-46,-60,-58,-54,-67,-63,0,"7.48-7.36",0
"311","1139694078827",7.48,7.36,340.1,-51.5,-46,-60,-64,-56,-61,-69,0,"7.48-7.36",0
"312","1139694079079",7.48,7.36,340.1,-52,-45,-56,-60,-54.8630723149337,-66.2612341491531,-64,2,"7.48-7.36",0
"313","1139694079331",7.48,7.36,340.1,-52,-41,-60,-60,-52,-61,-64,0,"7.48-7.36",0
"314","1139694079583",7.48,7.36,340.1,-51,-41,-60.0102496192809,-60,-55,-60,-55,1,"7.48-7.36",0
"315","1139694079835",7.48,7.36,340.1,-56.4354204773103,-45,-59,-60,-57,-65,-57,1,"7.48-7.36",0
"316","1139694080087",7.48,7.36,340.1,-50,-45,-61,-64,-56,-66.2612341491531,-56,1,"7.48-7.36",0
"317","1139694080340",7.48,7.36,340.1,-56,-45,-58,-59,-55,-60,-66,0,"7.48-7.36",0
"318","1139694080591",7.48,7.36,340.1,-58,-46,-59,-56.6546902475314,-54.8630723149337,-65,-65,2,"7.48-7.36",0
"319","1139694080843",7.48,7.36,340.1,-57,-45,-60,-60,-54,-60,-67,0,"7.48-7.36",0
"320","1139694081095",7.48,7.36,340.1,-52,-39,-59,-56.6546902475314,-55,-61,-67,1,"7.48-7.36",0
"321","1139694081347",7.48,7.36,340.1,-56.4354204773103,-39,-61,-64,-65,-69,-67,1,"7.48-7.36",0
"322","1139694081599",7.48,7.36,340.1,-52,-40,-60.0102496192809,-64,-65,-59,-56,1,"7.48-7.36",0
"323","1139694081851",7.48,7.36,340.1,-51,-40,-61,-64,-54,-63,-67,0,"7.48-7.36",0
"324","1139694082103",7.48,7.36,340.1,-56.3333333333333,-40,-61,-60,-66,-66.2612341491531,-68,1,"7.48-7.36",0
"325","1139694082355",7.48,7.36,340.1,-57,-46,-60,-58,-68,-60,-65,0,"7.48-7.36",0
"326","1139694082607",7.48,7.36,340.1,-52,-46,-60,-59,-55,-63,-55,0,"7.48-7.36",0
"327","1139694082859",7.48,7.36,340.1,-51,-40,-59,-56.6546902475314,-56,-65,-55,1,"7.48-7.36",0
"328","1139694083111",7.48,7.36,340.1,-57,-40,-62,-62,-54.8630723149337,-66.2612341491531,-69,2,"7.48-7.36",0
"329","1139694083364",7.48,7.36,340.1,-56.4354204773103,-40,-61,-61,-55,-65,-67,1,"7.48-7.36",0
"330","1139694083616",7.48,7.36,340.1,-52,-40,-60.0102496192809,-62,-67,-65,-63,1,"7.48-7.36",0
"331","1139694983632",12.55,7.38,20.9,-64,-43,-60.0102496192809,-57,-57,-64,-71,1,"12.55-7.38",0
"332","1139694983884",12.55,7.38,20.9,-68,-41,-49,-56.6546902475314,-55,-69,-69,1,"12.55-7.38",0
"333","1139694984136",12.55,7.38,20.9,-56.4354204773103,-42,-60.0102496192809,-57,-47,-68,-58,2,"12.55-7.38",0
"334","1139694984388",12.55,7.38,20.9,-62,-42,-49,-56,-47,-67,-69,0,"12.55-7.38",0
"335","1139694984640",12.55,7.38,20.9,-65,-42,-52,-55,-48,-66.2612341491531,-69,1,"12.55-7.38",0
"336","1139694984892",12.55,7.38,20.9,-65,-42,-55,-57,-54.8630723149337,-68,-70,1,"12.55-7.38",0
"337","1139694985144",12.55,7.38,20.9,-62,-43,-60.0102496192809,-62,-47,-66.2612341491531,-70,2,"12.55-7.38",0
"338","1139694985396",12.55,7.38,20.9,-56.4354204773103,-41,-54,-65,-48,-68,-58,1,"12.55-7.38",0
"339","1139694985648",12.55,7.38,20.9,-61,-41,-55,-75,-55,-68,-56,0,"12.55-7.38",0
"340","1139694985900",12.55,7.38,20.9,-61,-42,-55,-62,-47,-68,-56,0,"12.55-7.38",0
"341","1139694986152",12.55,7.38,20.9,-64,-43,-60.0102496192809,-53,-54,-69,-56,1,"12.55-7.38",0
"342","1139694986404",12.55,7.38,20.9,-61,-41,-49,-62,-54,-66.2612341491531,-55,1,"12.55-7.38",0
"343","1139694986656",12.55,7.38,20.9,-62,-41,-48,-54,-54,-69,-57,0,"12.55-7.38",0
"344","1139694986908",12.55,7.38,20.9,-63.5,-40,-54,-56.6546902475314,-53,-63,-57,1,"12.55-7.38",0
"345","1139694987160",12.55,7.38,20.9,-61,-41,-55,-61,-54,-69,-68,0,"12.55-7.38",0
"346","1139694987412",12.55,7.38,20.9,-61,-42,-60.0102496192809,-58,-48,-67,-68,1,"12.55-7.38",0
"347","1139694987664",12.55,7.38,20.9,-64,-43,-60.0102496192809,-53,-54.8630723149337,-69,-68,2,"12.55-7.38",0
"348","1139694987916",12.55,7.38,20.9,-62,-41,-60.0102496192809,-56,-54.8630723149337,-68,-56,2,"12.55-7.38",0
"349","1139694988168",12.55,7.38,20.9,-62,-43,-48,-56.6546902475314,-54,-66.2612341491531,-69,2,"12.55-7.38",0
"350","1139694988420",12.55,7.38,20.9,-62,-42,-57,-62,-48,-69,-58,0,"12.55-7.38",0
"351","1139694988672",12.55,7.38,20.9,-63,-43,-51,-56.6546902475314,-54.8630723149337,-66.2612341491531,-57,3,"12.55-7.38",0
"352","1139694988924",12.55,7.38,20.9,-62.5,-42,-53,-56.6546902475314,-55,-71,-55,1,"12.55-7.38",0
"353","1139694989176",12.55,7.38,20.9,-56.4354204773103,-43,-60.0102496192809,-60,-48,-70,-68,2,"12.55-7.38",0
"354","1139694989428",12.55,7.38,20.9,-62,-41,-50,-54,-55,-71,-56,0,"12.55-7.38",0
"355","1139694989680",12.55,7.38,20.9,-63,-41,-53,-61,-47,-63,-58,0,"12.55-7.38",0
"356","1139694989932",12.55,7.38,20.9,-62,-40,-48,-61,-54.5,-71,-55,0,"12.55-7.38",0
"357","1139694990184",12.55,7.38,20.9,-63,-41,-48,-56.6546902475314,-54.8630723149337,-66.2612341491531,-54,3,"12.55-7.38",0
"358","1139694990436",12.55,7.38,20.9,-56.4354204773103,-40,-50,-62,-55,-66.2612341491531,-56,2,"12.55-7.38",0
"359","1139694990688",12.55,7.38,20.9,-63,-41,-50,-57,-54,-66.2612341491531,-55,1,"12.55-7.38",0
"360","1139694990940",12.55,7.38,20.9,-56.4354204773103,-42,-56,-56.6546902475314,-47,-69,-55,2,"12.55-7.38",0
"361","1139694991192",12.55,7.38,20.9,-56.4354204773103,-42,-56,-61,-48,-69,-56,1,"12.55-7.38",0
"362","1139694991444",12.55,7.38,20.9,-62,-40,-60.0102496192809,-61,-54,-71,-68,1,"12.55-7.38",0
"363","1139694991696",12.55,7.38,20.9,-62.5,-43,-55,-55,-54.5,-69,-67,0,"12.55-7.38",0
"364","1139694991948",12.55,7.38,20.9,-62,-42,-53,-56,-54,-69,-56,0,"12.55-7.38",0
"365","1139694992200",12.55,7.38,20.9,-62,-41,-51,-57,-54.5,-69,-55,0,"12.55-7.38",0
"366","1139694992452",12.55,7.38,20.9,-56.4354204773103,-41,-52,-62,-54,-69,-55,1,"12.55-7.38",0
"367","1139694992704",12.55,7.38,20.9,-61,-40,-49,-53,-54,-62,-55,0,"12.55-7.38",0
"368","1139694992956",12.55,7.38,20.9,-62,-41,-53,-63,-48,-69,-57,0,"12.55-7.38",0
"369","1139694993208",12.55,7.38,20.9,-63,-41,-51,-53,-53,-69,-56,0,"12.55-7.38",0
"370","1139694993460",12.55,7.38,20.9,-56.4354204773103,-42,-55,-56.6546902475314,-54,-66.2612341491531,-57,3,"12.55-7.38",0
"371","1139694993712",12.55,7.38,20.9,-56.4354204773103,-41,-50,-52,-53,-63,-56,1,"12.55-7.38",0
"372","1139694993964",12.55,7.38,20.9,-62,-43,-60.0102496192809,-52,-47,-66.2612341491531,-57,2,"12.55-7.38",0
"373","1139694994216",12.55,7.38,20.9,-61,-41,-60.0102496192809,-62,-53.5,-68,-55,1,"12.55-7.38",0
"374","1139694994468",12.55,7.38,20.9,-62,-43,-60.0102496192809,-56,-54,-66.2612341491531,-55,2,"12.55-7.38",0
"375","1139694994720",12.55,7.38,20.9,-62,-43,-54,-57,-55,-66.2612341491531,-56,1,"12.55-7.38",0
"376","1139694994972",12.55,7.38,20.9,-64,-42,-60.0102496192809,-53,-55,-69,-56,1,"12.55-7.38",0
"377","1139694995225",12.55,7.38,20.9,-62.5,-42,-60.0102496192809,-57,-54,-68,-69,1,"12.55-7.38",0
"378","1139694995476",12.55,7.38,20.9,-62,-41,-54,-56.6546902475314,-47,-69,-58,1,"12.55-7.38",0
"379","1139694995728",12.55,7.38,20.9,-64,-41,-60.0102496192809,-56.6546902475314,-54,-69,-56,2,"12.55-7.38",0
"380","1139694995981",12.55,7.38,20.9,-60,-41,-50,-61,-55,-71,-56,0,"12.55-7.38",0
"381","1139694996233",12.55,7.38,20.9,-63,-41,-54,-53,-54,-66.2612341491531,-58,1,"12.55-7.38",0
"382","1139694996485",12.55,7.38,20.9,-62,-42,-51,-62,-54.8630723149337,-69,-56,1,"12.55-7.38",0
"383","1139694996737",12.55,7.38,20.9,-62.5,-41,-54,-56.6546902475314,-53,-66.2612341491531,-56,2,"12.55-7.38",0
"384","1139694996989",12.55,7.38,20.9,-62,-42,-55,-62,-55,-66.2612341491531,-58,1,"12.55-7.38",0
"385","1139694997241",12.55,7.38,20.9,-63,-43,-55,-53,-47,-66.2612341491531,-56,1,"12.55-7.38",0
"386","1139694997493",12.55,7.38,20.9,-61.5,-43,-54,-61,-53.5,-69,-58,0,"12.55-7.38",0
"387","1139694997745",12.55,7.38,20.9,-62,-53.384679395735,-54,-55,-52,-69,-56,1,"12.55-7.38",0
"388","1139694997997",12.55,7.38,20.9,-61,-43,-51,-56,-47,-69,-57,0,"12.55-7.38",0
"389","1139694998249",12.55,7.38,20.9,-60,-41,-50,-58,-52,-66.2612341491531,-57,1,"12.55-7.38",0
"390","1139694998501",12.55,7.38,20.9,-59,-40,-60.0102496192809,-56,-48,-69,-55,1,"12.55-7.38",0
"391","1139694998753",12.55,7.38,20.9,-61,-40,-51,-62,-48,-70,-69,0,"12.55-7.38",0
"392","1139694999005",12.55,7.38,20.9,-62,-41,-52,-56.6546902475314,-53,-70,-55,1,"12.55-7.38",0
"393","1139694999257",12.55,7.38,20.9,-56.4354204773103,-43,-55,-60,-52,-69,-55,1,"12.55-7.38",0
"394","1139694999509",12.55,7.38,20.9,-56.4354204773103,-40,-53,-61,-54.8630723149337,-70,-57,2,"12.55-7.38",0
"395","1139694999761",12.55,7.38,20.9,-62.5,-40,-48,-56.6546902475314,-54.8630723149337,-70,-67,2,"12.55-7.38",0
"396","1139695000013",12.55,7.38,20.9,-64,-40,-49,-60,-52,-69,-56,0,"12.55-7.38",0
"397","1139695000265",12.55,7.38,20.9,-56.4354204773103,-41,-56,-57,-52,-63,-55,1,"12.55-7.38",0
"398","1139695000517",12.55,7.38,20.9,-56.4354204773103,-42,-51,-56.6546902475314,-54.8630723149337,-68,-69,3,"12.55-7.38",0
"399","1139695000769",12.55,7.38,20.9,-62,-43,-53,-52,-54,-69,-57,0,"12.55-7.38",0
"400","1139695001021",12.55,7.38,20.9,-61,-41,-60.0102496192809,-57,-54,-69,-68,1,"12.55-7.38",0
"401","1139695001273",12.55,7.38,20.9,-62,-41,-60.0102496192809,-56,-47,-68,-55,1,"12.55-7.38",0
"402","1139695001525",12.55,7.38,20.9,-62,-41,-54,-54,-53,-68,-56,0,"12.55-7.38",0
"403","1139695001777",12.55,7.38,20.9,-56.4354204773103,-42,-60.0102496192809,-56,-48,-70,-57,2,"12.55-7.38",0
"404","1139695002029",12.55,7.38,20.9,-62,-42,-53,-56.6546902475314,-54,-69,-69,1,"12.55-7.38",0
"405","1139695002281",12.55,7.38,20.9,-62,-41,-54,-53,-47,-69,-57,0,"12.55-7.38",0
"406","1139695002533",12.55,7.38,20.9,-62,-40,-55,-61,-54,-69,-55,0,"12.55-7.38",0
"407","1139695002785",12.55,7.38,20.9,-61,-41,-52,-56.6546902475314,-54,-66.2612341491531,-56,2,"12.55-7.38",0
"408","1139695003037",12.55,7.38,20.9,-61,-41,-49,-61,-53,-70,-55,0,"12.55-7.38",0
"409","1139695003289",12.55,7.38,20.9,-62,-40,-51,-53,-52,-68,-55,0,"12.55-7.38",0
"410","1139695003541",12.55,7.38,20.9,-56.4354204773103,-41,-52,-60,-54.8630723149337,-69,-55,2,"12.55-7.38",0
"411","1139695003793",12.55,7.38,20.9,-62,-41,-60.0102496192809,-56,-53,-69,-54,1,"12.55-7.38",0
"412","1139695004045",12.55,7.38,20.9,-62,-41,-60.0102496192809,-62,-48,-69,-54,1,"12.55-7.38",0
"413","1139695004297",12.55,7.38,20.9,-56.4354204773103,-42,-54,-55,-53,-66.2612341491531,-64,2,"12.55-7.38",0
"414","1139695004549",12.55,7.38,20.9,-63,-42,-53,-60,-54.8630723149337,-66.2612341491531,-56,2,"12.55-7.38",0
"415","1139695004801",12.55,7.38,20.9,-61,-41,-55,-56,-47,-66.2612341491531,-57,1,"12.55-7.38",0
"416","1139695005053",12.55,7.38,20.9,-62,-41,-55,-62,-47,-68,-58,0,"12.55-7.38",0
"417","1139695005305",12.55,7.38,20.9,-62,-43,-54,-56.6546902475314,-53,-68,-57,1,"12.55-7.38",0
"418","1139695005557",12.55,7.38,20.9,-62.5,-43,-55,-55,-48,-69,-69,0,"12.55-7.38",0
"419","1139695005809",12.55,7.38,20.9,-63,-41,-60.0102496192809,-60,-46,-68,-55,1,"12.55-7.38",0
"420","1139695006061",12.55,7.38,20.9,-61,-41,-55,-56.6546902475314,-54,-69,-55,1,"12.55-7.38",0
"421","1139695006313",12.55,7.38,20.9,-54,-42,-60.0102496192809,-54,-46,-69,-57,1,"12.55-7.38",0
"422","1139695006565",12.55,7.38,20.9,-62,-41,-55,-61,-54.8630723149337,-66.2612341491531,-56,2,"12.55-7.38",0
"423","1139695006817",12.55,7.38,20.9,-56.4354204773103,-42,-54,-62,-53,-62,-57,1,"12.55-7.38",0
"424","1139695007069",12.55,7.38,20.9,-62,-43,-51,-56,-47,-69,-56,0,"12.55-7.38",0
"425","1139695007321",12.55,7.38,20.9,-62,-42,-55,-57,-47,-68,-56,0,"12.55-7.38",0
"426","1139695007573",12.55,7.38,20.9,-62,-42,-48,-56.6546902475314,-54.8630723149337,-69,-58,2,"12.55-7.38",0
"427","1139695007825",12.55,7.38,20.9,-56.4354204773103,-43,-49,-56.6546902475314,-53,-66.2612341491531,-69,3,"12.55-7.38",0
"428","1139695008077",12.55,7.38,20.9,-63,-43,-50,-60,-53,-68,-55,0,"12.55-7.38",0
"429","1139695008329",12.55,7.38,20.9,-63,-41,-51,-60,-54.8630723149337,-68,-58,1,"12.55-7.38",0
"430","1139695008581",12.55,7.38,20.9,-56.4354204773103,-43,-48,-60,-52,-68,-56,1,"12.55-7.38",0
"431","1139695008833",12.55,7.38,20.9,-56.4354204773103,-44,-53,-58,-46,-66.2612341491531,-56,2,"12.55-7.38",0
"432","1139695009085",12.55,7.38,20.9,-56.4354204773103,-43,-54,-59,-53,-66.2612341491531,-58,2,"12.55-7.38",0
"433","1139695009337",12.55,7.38,20.9,-62,-41,-60.0102496192809,-60,-52,-66.2612341491531,-80,2,"12.55-7.38",0
"434","1139695009589",12.55,7.38,20.9,-62,-42,-51,-56,-54.8630723149337,-66.2612341491531,-69,2,"12.55-7.38",0
"435","1139695009841",12.55,7.38,20.9,-61,-43,-50,-56.6546902475314,-46,-66,-67,1,"12.55-7.38",0
"436","1139695010093",12.55,7.38,20.9,-56.4354204773103,-42,-49,-61,-53,-66.2612341491531,-69,2,"12.55-7.38",0
"437","1139695010345",12.55,7.38,20.9,-61,-43,-55,-56,-54.8630723149337,-66.2612341491531,-57,2,"12.55-7.38",0
"438","1139695010597",12.55,7.38,20.9,-74,-42,-52,-61,-54,-69,-55,0,"12.55-7.38",0
"439","1139695010849",12.55,7.38,20.9,-62,-43,-54,-56,-54.8630723149337,-68,-57,1,"12.55-7.38",0
"440","1139695011101",12.55,7.38,20.9,-62.5,-43,-60.0102496192809,-61,-53,-70,-56,1,"12.55-7.38",0
"441","1140717851258",1.52,9.32,7,-50,-48,-60.0102496192809,-63,-61,-48,-69,1,"1.52-9.32",0
"442","1140717851514",1.52,9.32,7,-50,-50,-62,-66,-62,-53,-69,0,"1.52-9.32",0
"443","1140717851766",1.52,9.32,7,-48,-49,-63,-70,-62,-47,-63,0,"1.52-9.32",0
"444","1140717852018",1.52,9.32,7,-49,-49,-62,-63,-64,-48,-63,0,"1.52-9.32",0
"445","1140717852270",1.52,9.32,7,-49,-49,-61,-68,-63,-48.5,-65,0,"1.52-9.32",0
"446","1140717852522",1.52,9.32,7,-49,-49,-60,-68,-63,-50,-64,0,"1.52-9.32",0
"447","1140717853054",1.52,9.32,7,-49,-49,-62,-71,-54.8630723149337,-50,-64,1,"1.52-9.32",0
"448","1140717853310",1.52,9.32,7,-56.4354204773103,-49,-63,-68,-54.8630723149337,-49,-68,2,"1.52-9.32",0
"449","1140717853578",1.52,9.32,7,-51,-50,-63,-64,-66,-48,-66,0,"1.52-9.32",0
"450","1140717853842",1.52,9.32,7,-50,-50,-62,-72,-64,-51,-67,0,"1.52-9.32",0
"451","1140717854094",1.52,9.32,7,-48,-49,-63,-73,-63,-52,-64,0,"1.52-9.32",0
"452","1140717854346",1.52,9.32,7,-50,-49,-60.0102496192809,-69,-64,-49,-63,1,"1.52-9.32",0
"453","1140717854598",1.52,9.32,7,-50,-49,-60.0102496192809,-66,-54.8630723149337,-49,-67,2,"1.52-9.32",0
"454","1140717854850",1.52,9.32,7,-49,-49,-63,-69,-65,-49,-68,0,"1.52-9.32",0
"455","1140717855102",1.52,9.32,7,-56.4354204773103,-50,-63,-64,-54.8630723149337,-49,-66,2,"1.52-9.32",0
"456","1140717855354",1.52,9.32,7,-51,-49,-62,-69,-65,-48,-65,0,"1.52-9.32",0
"457","1140717855606",1.52,9.32,7,-52,-50,-63,-65,-64,-48,-66,0,"1.52-9.32",0
"458","1140717855858",1.52,9.32,7,-52,-50,-62,-68,-54.8630723149337,-66.2612341491531,-64,2,"1.52-9.32",0
"459","1140717856110",1.52,9.32,7,-50,-49,-64,-71,-64,-49,-67,0,"1.52-9.32",0
"460","1140717856362",1.52,9.32,7,-51,-50,-63,-68,-54.8630723149337,-49,-64,1,"1.52-9.32",0
"461","1140717856614",1.52,9.32,7,-50,-49,-61,-65,-64,-52,-67,0,"1.52-9.32",0
"462","1140717856866",1.52,9.32,7,-50,-50,-64,-68,-65,-48,-67,0,"1.52-9.32",0
"463","1140717857122",1.52,9.32,7,-49,-49,-64,-56.6546902475314,-66,-50,-66,1,"1.52-9.32",0
"464","1140717857374",1.52,9.32,7,-50,-49,-62,-65,-54.8630723149337,-50,-67,1,"1.52-9.32",0
"465","1140717857626",1.52,9.32,7,-50,-50,-60.0102496192809,-69,-66,-50,-63,1,"1.52-9.32",0
"466","1140717857878",1.52,9.32,7,-49,-50,-63,-64,-63,-48,-67,0,"1.52-9.32",0
"467","1140717858130",1.52,9.32,7,-49,-50,-60.0102496192809,-65,-63,-48,-64,1,"1.52-9.32",0
"468","1140717858382",1.52,9.32,7,-49,-49,-60,-68,-64,-50,-64,0,"1.52-9.32",0
"469","1140717858642",1.52,9.32,7,-50,-54,-62.5,-69,-64,-49,-64,0,"1.52-9.32",0
"470","1140717858894",1.52,9.32,7,-49,-50,-61,-71,-65,-49,-64,0,"1.52-9.32",0
"471","1140717859146",1.52,9.32,7,-50,-49,-62,-69,-54.8630723149337,-50,-64,1,"1.52-9.32",0
"472","1140717859402",1.52,9.32,7,-50,-53,-60.0102496192809,-69,-64,-48,-67,1,"1.52-9.32",0
"473","1140717859658",1.52,9.32,7,-56.4354204773103,-50,-62,-69,-64,-50,-66,1,"1.52-9.32",0
"474","1140717859918",1.52,9.32,7,-56.4354204773103,-49,-62,-70,-64,-48,-67,1,"1.52-9.32",0
"475","1140717860170",1.52,9.32,7,-49,-50,-62,-56.6546902475314,-66,-49,-63,1,"1.52-9.32",0
"476","1140717860426",1.52,9.32,7,-56.4354204773103,-49,-60.0102496192809,-56.6546902475314,-65,-49,-65,3,"1.52-9.32",0
"477","1140717860682",1.52,9.32,7,-50,-49,-75,-66,-66,-50,-64,0,"1.52-9.32",0
"478","1140717860934",1.52,9.32,7,-50,-49,-63,-64,-66,-48,-66,0,"1.52-9.32",0
"479","1140717861186",1.52,9.32,7,-49,-49,-60.0102496192809,-65,-66,-49,-65,1,"1.52-9.32",0
"480","1140717861438",1.52,9.32,7,-50,-52,-63,-64,-66,-50,-62,0,"1.52-9.32",0
"481","1140717861690",1.52,9.32,7,-51,-52,-62,-67,-65,-66.2612341491531,-65,1,"1.52-9.32",0
"482","1140717861942",1.52,9.32,7,-50.5,-54,-63,-68,-54.8630723149337,-49,-64,1,"1.52-9.32",0
"483","1140717862194",1.52,9.32,7,-49,-53,-60.0102496192809,-68,-66,-49,-65,1,"1.52-9.32",0
"484","1140717862446",1.52,9.32,7,-49,-53,-63,-68,-66,-51,-67,0,"1.52-9.32",0
"485","1140717862698",1.52,9.32,7,-48,-50,-61,-69,-64,-49,-64,0,"1.52-9.32",0
"486","1140717862954",1.52,9.32,7,-50,-52,-61,-56.6546902475314,-54.8630723149337,-51,-64,2,"1.52-9.32",0
"487","1140717863206",1.52,9.32,7,-56.4354204773103,-53.384679395735,-63,-56.6546902475314,-54.8630723149337,-66.2612341491531,-70.3135619015994,6,"1.52-9.32",0
"488","1140717863458",1.52,9.32,7,-50,-53,-76,-66,-64,-49,-66,0,"1.52-9.32",0
"489","1140717863710",1.52,9.32,7,-49,-53,-61,-68,-54.8630723149337,-49,-63,1,"1.52-9.32",0
"490","1140717863962",1.52,9.32,7,-51,-49,-62.3333333333333,-69,-64,-66.2612341491531,-65,1,"1.52-9.32",0
"491","1140717864214",1.52,9.32,7,-49,-49,-62,-69,-54.8630723149337,-48,-64,1,"1.52-9.32",0
"492","1140717864466",1.52,9.32,7,-49,-48,-63,-67,-65,-48,-62,0,"1.52-9.32",0
"493","1140717864718",1.52,9.32,7,-50,-54,-63,-70,-64,-50,-65,0,"1.52-9.32",0
"494","1140717864970",1.52,9.32,7,-49,-52,-60.0102496192809,-56.6546902475314,-54.8630723149337,-49,-67,3,"1.52-9.32",0
"495","1140717865222",1.52,9.32,7,-50,-49,-60.0102496192809,-69,-66,-50,-68,1,"1.52-9.32",0
"496","1140717865474",1.52,9.32,7,-50,-49,-63,-65,-65,-49,-65,0,"1.52-9.32",0
"497","1140717865726",1.52,9.32,7,-56.4354204773103,-49,-63,-56.6546902475314,-54.8630723149337,-56,-65,3,"1.52-9.32",0
"498","1140717865986",1.52,9.32,7,-49,-52,-60.0102496192809,-70,-66,-52,-67,1,"1.52-9.32",0
"499","1140717866239",1.52,9.32,7,-56.4354204773103,-52,-63,-68,-66,-49,-68,1,"1.52-9.32",0
"500","1140717866491",1.52,9.32,7,-50,-52,-63,-65,-66,-48,-68,0,"1.52-9.32",0
"501","1140717866743",1.52,9.32,7,-51,-53,-63,-65,-65,-49,-65,0,"1.52-9.32",0
"502","1140717866995",1.52,9.32,7,-51,-52,-60.0102496192809,-65,-66,-49,-65,1,"1.52-9.32",0
"503","1140717867251",1.52,9.32,7,-49,-53,-76,-66,-66,-50,-63,0,"1.52-9.32",0
"504","1140717867503",1.52,9.32,7,-51,-53,-63,-56.6546902475314,-66,-50,-66,1,"1.52-9.32",0
"505","1140717867755",1.52,9.32,7,-51,-49,-64,-68,-65,-48,-66,0,"1.52-9.32",0
"506","1140717868007",1.52,9.32,7,-50,-49,-63,-65,-54.8630723149337,-49,-66,1,"1.52-9.32",0
"507","1140717868259",1.52,9.32,7,-50,-49,-63,-68,-66,-50,-65,0,"1.52-9.32",0
"508","1140717868511",1.52,9.32,7,-51,-49,-60.0102496192809,-65,-64,-49,-66,1,"1.52-9.32",0
"509","1140717868771",1.52,9.32,7,-51,-52,-62,-68,-66,-49,-64,0,"1.52-9.32",0
"510","1140717869023",1.52,9.32,7,-50,-52,-62,-69,-54.8630723149337,-66.2612341491531,-64,2,"1.52-9.32",0
"511","1140717869283",1.52,9.32,7,-56.4354204773103,-52,-62,-68,-66,-48,-67,1,"1.52-9.32",0
"512","1140717869535",1.52,9.32,7,-56.4354204773103,-52,-63,-56.6546902475314,-66,-51,-67,2,"1.52-9.32",0
"513","1140717869787",1.52,9.32,7,-49,-52,-63,-70,-66,-47,-66,0,"1.52-9.32",0
"514","1140717870039",1.52,9.32,7,-50,-49,-63,-56.6546902475314,-64,-49,-66,1,"1.52-9.32",0
"515","1140717870291",1.52,9.32,7,-49,-50,-63.3333333333333,-56.6546902475314,-54.8630723149337,-48,-66,2,"1.52-9.32",0
"516","1140717870543",1.52,9.32,7,-51,-49,-64,-65,-66,-47,-66,0,"1.52-9.32",0
"517","1140717870795",1.52,9.32,7,-49,-49,-66.5,-69,-66,-48,-68,0,"1.52-9.32",0
"518","1140717871047",1.52,9.32,7,-50,-49,-64,-64,-67,-50,-66,0,"1.52-9.32",0
"519","1140717871299",1.52,9.32,7,-51,-49,-67.5,-56.6546902475314,-67,-49,-65,1,"1.52-9.32",0
"520","1140717871551",1.52,9.32,7,-49,-50,-63,-64,-65,-51,-68,0,"1.52-9.32",0
"521","1140717871803",1.52,9.32,7,-50,-53,-63,-70,-65,-48,-67,0,"1.52-9.32",0
"522","1140717872063",1.52,9.32,7,-50,-50,-61,-69,-54.8630723149337,-66.2612341491531,-64,2,"1.52-9.32",0
"523","1140717872315",1.52,9.32,7,-56.4354204773103,-50,-60.0102496192809,-56.6546902475314,-66,-49,-64,3,"1.52-9.32",0
"524","1140717872567",1.52,9.32,7,-56.4354204773103,-49,-64,-56.6546902475314,-65.5,-66.2612341491531,-68,3,"1.52-9.32",0
"525","1140717872819",1.52,9.32,7,-52,-49,-62,-65,-66,-50,-65,0,"1.52-9.32",0
"526","1140717873071",1.52,9.32,7,-50,-49,-61,-68,-67,-50,-63,0,"1.52-9.32",0
"527","1140717873323",1.52,9.32,7,-49,-50,-64,-56.6546902475314,-65,-50,-68,1,"1.52-9.32",0
"528","1140717873575",1.52,9.32,7,-56.4354204773103,-53.384679395735,-63,-56.6546902475314,-54.8630723149337,-66.2612341491531,-70.3135619015994,6,"1.52-9.32",0
"529","1140717873827",1.52,9.32,7,-50,-49,-64,-68,-66,-48,-64,0,"1.52-9.32",0
"530","1140717874079",1.52,9.32,7,-50,-53,-62,-56.6546902475314,-66,-48,-64,1,"1.52-9.32",0
"531","1140717874331",1.52,9.32,7,-56.4354204773103,-49,-63,-68,-66,-66.2612341491531,-65,2,"1.52-9.32",0
"532","1140717874591",1.52,9.32,7,-50,-49,-63,-65,-66,-51,-64,0,"1.52-9.32",0
"533","1140717874843",1.52,9.32,7,-50,-49,-63,-71,-66,-52,-63,0,"1.52-9.32",0
"534","1140717875095",1.52,9.32,7,-51,-52,-75,-69,-65,-48,-64,0,"1.52-9.32",0
"535","1140717875347",1.52,9.32,7,-52,-53,-63,-69,-66,-50,-64,0,"1.52-9.32",0
"536","1140717875607",1.52,9.32,7,-51,-52,-63,-69,-66,-51,-65,0,"1.52-9.32",0
"537","1140717875859",1.52,9.32,7,-51,-49,-63,-65,-65.5,-66.2612341491531,-66,1,"1.52-9.32",0
"538","1140717876111",1.52,9.32,7,-50,-50,-62,-69,-65,-50,-63,0,"1.52-9.32",0
"539","1140717876363",1.52,9.32,7,-56.4354204773103,-52,-62,-67,-54.8630723149337,-66.2612341491531,-66,3,"1.52-9.32",0
"540","1140717876615",1.52,9.32,7,-50,-52,-64,-56.6546902475314,-66,-66.2612341491531,-64,2,"1.52-9.32",0
"541","1140717876867",1.52,9.32,7,-56.4354204773103,-52,-64,-65,-54.8630723149337,-49,-66,2,"1.52-9.32",0
"542","1140717877119",1.52,9.32,7,-52,-49,-60.0102496192809,-56.6546902475314,-54.8630723149337,-66.2612341491531,-63,4,"1.52-9.32",0
"543","1140717877371",1.52,9.32,7,-51,-49,-62,-65,-54.8630723149337,-66.2612341491531,-68,2,"1.52-9.32",0
"544","1140717877623",1.52,9.32,7,-56.4354204773103,-54,-62,-69,-54.8630723149337,-53,-68,2,"1.52-9.32",0
"545","1140717877875",1.52,9.32,7,-52,-54,-64,-66,-54.8630723149337,-53,-68,1,"1.52-9.32",0
"546","1140717878127",1.52,9.32,7,-51,-50,-62.5,-69,-66,-66.2612341491531,-63,1,"1.52-9.32",0
"547","1140717878379",1.52,9.32,7,-51,-52,-62,-70,-65,-49,-66,0,"1.52-9.32",0
"548","1140717878631",1.52,9.32,7,-51,-50,-63,-69,-54.8630723149337,-49,-66,1,"1.52-9.32",0
"549","1140717878883",1.52,9.32,7,-50,-50,-63,-65,-65,-49,-66,0,"1.52-9.32",0
"550","1140718469672",9.08,7.24,338,-59,-47,-60.0102496192809,-59,-57,-68,-50,1,"9.08-7.24",0
"551","1140718469924",9.08,7.24,338,-58.5,-46,-56,-56.6546902475314,-54.8630723149337,-67,-57,2,"9.08-7.24",0
"552","1140718470176",9.08,7.24,338,-56.4354204773103,-45,-52,-56.6546902475314,-54.8630723149337,-69,-56,3,"9.08-7.24",0
"553","1140718470428",9.08,7.24,338,-54,-45,-52,-57,-56,-61,-56,0,"9.08-7.24",0
"554","1140718470680",9.08,7.24,338,-60,-44,-54,-57,-56,-65,-55,0,"9.08-7.24",0
"555","1140718470932",9.08,7.24,338,-56.4354204773103,-44,-60.0102496192809,-56.6546902475314,-56,-65,-58,3,"9.08-7.24",0
"556","1140718471184",9.08,7.24,338,-60,-45,-57,-56.6546902475314,-55,-66,-55,1,"9.08-7.24",0
"557","1140718471436",9.08,7.24,338,-61,-44,-55,-56.6546902475314,-55,-65,-56,1,"9.08-7.24",0
"558","1140718471688",9.08,7.24,338,-59,-44,-54,-60,-55,-65,-57,0,"9.08-7.24",0
"559","1140718471940",9.08,7.24,338,-61,-44,-54,-56.6546902475314,-54.8630723149337,-65,-57,2,"9.08-7.24",0
"560","1140718472192",9.08,7.24,338,-61,-45,-63,-57,-55,-65,-57,0,"9.08-7.24",0
"561","1140718472444",9.08,7.24,338,-56,-55,-54,-56.6546902475314,-56,-66.2612341491531,-57,2,"9.08-7.24",0
"562","1140718472696",9.08,7.24,338,-60,-45,-55,-59,-54,-63,-56,0,"9.08-7.24",0
"563","1140718472948",9.08,7.24,338,-60,-44,-52,-59,-55,-64,-56,0,"9.08-7.24",0
"564","1140718473200",9.08,7.24,338,-56.4354204773103,-54,-53,-58,-54.8630723149337,-65,-54,2,"9.08-7.24",0
"565","1140718473452",9.08,7.24,338,-60,-54,-54,-56.6546902475314,-54.8630723149337,-64,-55,2,"9.08-7.24",0
"566","1140718473704",9.08,7.24,338,-56.4354204773103,-54,-54,-59,-56,-64,-55,1,"9.08-7.24",0
"567","1140718473956",9.08,7.24,338,-61,-55,-52,-58,-56,-64,-57,0,"9.08-7.24",0
"568","1140718474208",9.08,7.24,338,-61,-54,-54,-58,-61,-65,-57,0,"9.08-7.24",0
"569","1140718474460",9.08,7.24,338,-56.4354204773103,-54,-53,-56.6546902475314,-54.8630723149337,-70,-56,3,"9.08-7.24",0
"570","1140718474712",9.08,7.24,338,-56,-45,-52,-59,-54,-66.2612341491531,-56,1,"9.08-7.24",0
"571","1140718474965",9.08,7.24,338,-59,-45,-52,-59,-54.8630723149337,-65.5,-56,1,"9.08-7.24",0
"572","1140718475217",9.08,7.24,338,-56.4354204773103,-46,-54,-59,-60,-65,-56,1,"9.08-7.24",0
"573","1140718475469",9.08,7.24,338,-56.4354204773103,-46,-54,-57,-55,-64,-57,1,"9.08-7.24",0
"574","1140718475721",9.08,7.24,338,-59,-55,-54,-57,-54,-63,-58,0,"9.08-7.24",0
"575","1140718475973",9.08,7.24,338,-55,-45,-60.0102496192809,-59,-54,-69,-56,1,"9.08-7.24",0
"576","1140718476225",9.08,7.24,338,-59,-44,-55,-59,-60,-66.2612341491531,-58,1,"9.08-7.24",0
"577","1140718476489",9.08,7.24,338,-60,-55,-55,-59,-55,-64,-56,0,"9.08-7.24",0
"578","1140718476741",9.08,7.24,338,-60,-55,-54.5,-56.6546902475314,-54.8630723149337,-64,-57,2,"9.08-7.24",0
"579","1140718476993",9.08,7.24,338,-61,-55,-55,-58,-55,-67,-55,0,"9.08-7.24",0
"580","1140718477245",9.08,7.24,338,-61,-54,-52,-57,-56,-68,-56,0,"9.08-7.24",0
"581","1140718477497",9.08,7.24,338,-53,-55,-54,-58,-55,-64,-56,0,"9.08-7.24",0
"582","1140718477753",9.08,7.24,338,-56.4354204773103,-54,-55,-56,-56,-65,-56,1,"9.08-7.24",0
"583","1140718478005",9.08,7.24,338,-60,-45,-60.0102496192809,-55,-54,-64,-51.5,1,"9.08-7.24",0
"584","1140718478257",9.08,7.24,338,-60.5,-44,-60.0102496192809,-56.6546902475314,-54.8630723149337,-65,-50,3,"9.08-7.24",0
"585","1140718478761",9.08,7.24,338,-59,-55,-60.0102496192809,-57,-55,-65,-57,1,"9.08-7.24",0
"586","1140718479013",9.08,7.24,338,-59,-55,-54,-57,-56,-65,-55,0,"9.08-7.24",0
"587","1140718479265",9.08,7.24,338,-56.4354204773103,-55,-52,-57,-54,-64,-56,1,"9.08-7.24",0
"588","1140718479517",9.08,7.24,338,-55,-55,-55,-56.6546902475314,-56,-65,-56,1,"9.08-7.24",0
"589","1140718479769",9.08,7.24,338,-61,-55,-54,-57,-60,-64,-56,0,"9.08-7.24",0
"590","1140718480021",9.08,7.24,338,-60,-55,-60.0102496192809,-56.6546902475314,-60,-65,-57,2,"9.08-7.24",0
"591","1140718480273",9.08,7.24,338,-60,-55,-51,-57,-54.8630723149337,-64,-56,1,"9.08-7.24",0
"592","1140718480525",9.08,7.24,338,-56.4354204773103,-55,-53,-57,-54.8630723149337,-70,-56,2,"9.08-7.24",0
"593","1140718480777",9.08,7.24,338,-60,-54,-54,-59,-55,-63,-56,0,"9.08-7.24",0
"594","1140718481029",9.08,7.24,338,-60,-54,-54,-57,-60,-66.2612341491531,-52,1,"9.08-7.24",0
"595","1140718481281",9.08,7.24,338,-57,-53,-54,-57,-54.8630723149337,-65,-57,1,"9.08-7.24",0
"596","1140718481533",9.08,7.24,338,-60,-45,-53,-57,-60,-66.2612341491531,-56,1,"9.08-7.24",0
"597","1140718481785",9.08,7.24,338,-60,-53,-54,-59,-54.8630723149337,-66,-56,1,"9.08-7.24",0
"598","1140718482041",9.08,7.24,338,-61,-52,-54,-59,-54.8630723149337,-65,-57,1,"9.08-7.24",0
"599","1140718482293",9.08,7.24,338,-59,-53,-53,-63,-57,-66,-55,0,"9.08-7.24",0
"600","1140718482545",9.08,7.24,338,-60,-44,-54,-59,-60,-66,-55,0,"9.08-7.24",0
"601","1140718482801",9.08,7.24,338,-60,-45,-60.0102496192809,-56.6546902475314,-61,-66.2612341491531,-55,3,"9.08-7.24",0
"602","1140718483053",9.08,7.24,338,-60,-45,-60.0102496192809,-59,-57,-65,-56,1,"9.08-7.24",0
"603","1140718483305",9.08,7.24,338,-60,-44,-54,-59,-60,-64,-57,0,"9.08-7.24",0
"604","1140718483557",9.08,7.24,338,-59,-45,-53,-57,-56,-65,-55,0,"9.08-7.24",0
"605","1140718483809",9.08,7.24,338,-56.4354204773103,-44,-54,-59,-56,-66.2612341491531,-57,2,"9.08-7.24",0
"606","1140718484061",9.08,7.24,338,-56.4354204773103,-45,-60.0102496192809,-56.6546902475314,-60,-62,-57,3,"9.08-7.24",0
"607","1140718484313",9.08,7.24,338,-60,-44,-60.0102496192809,-56.6546902475314,-54.8630723149337,-65,-52,3,"9.08-7.24",0
"608","1140718484565",9.08,7.24,338,-56,-53,-52,-56.6546902475314,-57,-66,-52,1,"9.08-7.24",0
"609","1140718484817",9.08,7.24,338,-56.4354204773103,-52,-60.0102496192809,-56.6546902475314,-57,-66,-57,3,"9.08-7.24",0
"610","1140718485069",9.08,7.24,338,-58,-53,-54,-57,-56,-65,-58,0,"9.08-7.24",0
"611","1140718485321",9.08,7.24,338,-56.4354204773103,-52,-52,-59,-56.5,-69,-56,1,"9.08-7.24",0
"612","1140718485573",9.08,7.24,338,-56.4354204773103,-51,-54,-59,-56,-67,-56,1,"9.08-7.24",0
"613","1140718485825",9.08,7.24,338,-60,-51,-60.0102496192809,-57,-54.8630723149337,-65,-55,2,"9.08-7.24",0
"614","1140718486077",9.08,7.24,338,-61,-43,-54,-59,-58,-65,-56,0,"9.08-7.24",0
"615","1140718486329",9.08,7.24,338,-60,-44,-52,-57,-54.8630723149337,-66,-56,1,"9.08-7.24",0
"616","1140718486582",9.08,7.24,338,-60,-43,-53,-59,-54.8630723149337,-66,-57,1,"9.08-7.24",0
"617","1140718486833",9.08,7.24,338,-55,-44,-54,-57,-61,-65,-56,0,"9.08-7.24",0
"618","1140718487085",9.08,7.24,338,-61,-52,-60.0102496192809,-57,-54.8630723149337,-66,-57,2,"9.08-7.24",0
"619","1140718487337",9.08,7.24,338,-60,-52,-60.0102496192809,-57,-54.8630723149337,-65,-57,2,"9.08-7.24",0
"620","1140718487589",9.08,7.24,338,-60,-44,-54,-57,-60,-66.2612341491531,-57,1,"9.08-7.24",0
"621","1140718487841",9.08,7.24,338,-56.4354204773103,-44,-53,-57,-60,-65,-58,1,"9.08-7.24",0
"622","1140718488097",9.08,7.24,338,-59,-44,-54,-58,-54.8630723149337,-64,-56,1,"9.08-7.24",0
"623","1140718488349",9.08,7.24,338,-61,-44,-54,-57,-55,-63,-56,0,"9.08-7.24",0
"624","1140718488601",9.08,7.24,338,-56.4354204773103,-43,-54,-56,-55,-65,-56.5,1,"9.08-7.24",0
"625","1140718488853",9.08,7.24,338,-58,-43,-60.0102496192809,-59,-59,-64,-57,1,"9.08-7.24",0
"626","1140718489105",9.08,7.24,338,-57,-54,-54,-59,-55,-63,-58,0,"9.08-7.24",0
"627","1140718489357",9.08,7.24,338,-58,-44,-53,-57,-60,-64,-58,0,"9.08-7.24",0
"628","1140718489609",9.08,7.24,338,-56.4354204773103,-53,-54,-59,-57,-70,-55,1,"9.08-7.24",0
"629","1140718489861",9.08,7.24,338,-60,-44,-52,-56.6546902475314,-54.8630723149337,-66.2612341491531,-56,3,"9.08-7.24",0
"630","1140718490113",9.08,7.24,338,-56.4354204773103,-53,-54,-56,-57,-59,-57,1,"9.08-7.24",0
"631","1140718490365",9.08,7.24,338,-56,-52,-53,-57,-60,-66.2612341491531,-58,1,"9.08-7.24",0
"632","1140718490618",9.08,7.24,338,-60,-52,-53,-57,-60,-66,-51,0,"9.08-7.24",0
"633","1140718490869",9.08,7.24,338,-59,-52,-60.0102496192809,-57,-54.8630723149337,-65,-51,2,"9.08-7.24",0
"634","1140718491122",9.08,7.24,338,-60,-52,-52,-59,-61,-65,-51,0,"9.08-7.24",0
"635","1140718491377",9.08,7.24,338,-61,-44,-53,-56.6546902475314,-54.8630723149337,-62,-52,2,"9.08-7.24",0
"636","1140718491630",9.08,7.24,338,-58,-52,-53,-59,-56,-65,-51,0,"9.08-7.24",0
"637","1140718491882",9.08,7.24,338,-56.4354204773103,-51,-60.0102496192809,-57,-58,-67,-52,2,"9.08-7.24",0
"638","1140718492134",9.08,7.24,338,-61,-44,-52,-64,-54.8630723149337,-66.2612341491531,-57,2,"9.08-7.24",0
"639","1140718492386",9.08,7.24,338,-59,-44,-54,-56.6546902475314,-57,-66.2612341491531,-56,2,"9.08-7.24",0
"640","1140718492638",9.08,7.24,338,-61,-45,-60.0102496192809,-57,-55,-71,-55,1,"9.08-7.24",0
"641","1140718492890",9.08,7.24,338,-56,-44,-52,-64,-58,-63,-57,0,"9.08-7.24",0
"642","1140718493142",9.08,7.24,338,-56,-44,-52,-57,-56,-67,-56,0,"9.08-7.24",0
"643","1140718493394",9.08,7.24,338,-59,-43,-60.0102496192809,-57,-56,-65,-55,1,"9.08-7.24",0
"644","1140718493646",9.08,7.24,338,-56.4354204773103,-43,-54,-57,-61,-65,-57,1,"9.08-7.24",0
"645","1140718493898",9.08,7.24,338,-60,-52,-54,-58,-57,-70,-56,0,"9.08-7.24",0
"646","1140718494150",9.08,7.24,338,-56.4354204773103,-44,-60.0102496192809,-59,-54.8630723149337,-66.2612341491531,-58,4,"9.08-7.24",0
"647","1140718494402",9.08,7.24,338,-60,-52,-54,-56.6546902475314,-57,-63,-56,1,"9.08-7.24",0
"648","1140718494658",9.08,7.24,338,-59,-52,-60.0102496192809,-57,-61,-66.2612341491531,-56,2,"9.08-7.24",0
"649","1140718494910",9.08,7.24,338,-61,-44,-53,-56.6546902475314,-58,-64,-52,1,"9.08-7.24",0
"650","1140718495162",9.08,7.24,338,-56.4354204773103,-43,-60.0102496192809,-56.6546902475314,-54.8630723149337,-70,-52,4,"9.08-7.24",0
"651","1140718495414",9.08,7.24,338,-56.4354204773103,-44,-60.0102496192809,-59,-58,-67,-52,2,"9.08-7.24",0
"652","1140718495666",9.08,7.24,338,-60,-44,-52,-57,-54.8630723149337,-66,-51,1,"9.08-7.24",0
"653","1140718495918",9.08,7.24,338,-60,-44,-56,-64,-57,-67,-51,0,"9.08-7.24",0
"654","1140718496170",9.08,7.24,338,-60,-44,-60.0102496192809,-59,-57,-71,-58,1,"9.08-7.24",0
"655","1140718496422",9.08,7.24,338,-59,-44,-60.0102496192809,-57,-58,-66.2612341491531,-56,2,"9.08-7.24",0
"656","1140718496674",9.08,7.24,338,-56.4354204773103,-44,-52,-56.6546902475314,-59,-66.2612341491531,-56,3,"9.08-7.24",0
"657","1140718496926",9.08,7.24,338,-59.5,-44,-56,-56.6546902475314,-55,-68,-57,1,"9.08-7.24",0
"658","1140718497178",9.08,7.24,338,-55,-43,-53,-58,-59,-67,-56,0,"9.08-7.24",0
"659","1140719438201",23.9,7,344.9,-56.4354204773103,-53.384679395735,-62,-56.6546902475314,-54.8630723149337,-66.2612341491531,-70.3135619015994,6,"23.90-7.0",0
"660","1140719438453",23.9,7,344.9,-56.4354204773103,-59,-60,-54,-58,-68,-79,1,"23.90-7.0",0
"661","1140719438705",23.9,7,344.9,-66,-58,-65,-56.6546902475314,-54.8630723149337,-66,-78,2,"23.90-7.0",0
"662","1140719438957",23.9,7,344.9,-68,-59,-59,-56,-58,-69,-78,0,"23.90-7.0",0
"663","1140719439209",23.9,7,344.9,-62,-58,-57,-55,-58,-68,-79,0,"23.90-7.0",0
"664","1140719439461",23.9,7,344.9,-56.4354204773103,-58,-60.0102496192809,-56,-59,-68,-78,2,"23.90-7.0",0
"665","1140719439713",23.9,7,344.9,-65,-60,-60.0102496192809,-56.6546902475314,-58,-68,-78,2,"23.90-7.0",0
"666","1140719439965",23.9,7,344.9,-63,-57,-60.0102496192809,-55,-56,-69,-81,1,"23.90-7.0",0
"667","1140719440217",23.9,7,344.9,-56.4354204773103,-57,-65,-56,-54.8630723149337,-68,-82,2,"23.90-7.0",0
"668","1140719440469",23.9,7,344.9,-56.4354204773103,-55,-66,-55,-55,-68,-79,1,"23.90-7.0",0
"669","1140719440721",23.9,7,344.9,-63,-61,-59,-55,-59,-66.2612341491531,-77,1,"23.90-7.0",0
"670","1140719440973",23.9,7,344.9,-67,-59,-57,-56.6546902475314,-58,-66.2612341491531,-79,2,"23.90-7.0",0
"671","1140719441225",23.9,7,344.9,-66,-59,-58,-53,-56,-63,-78,0,"23.90-7.0",0
"672","1140719441477",23.9,7,344.9,-66,-56,-60,-56.6546902475314,-60,-65,-78,1,"23.90-7.0",0
"673","1140719441729",23.9,7,344.9,-63,-55,-60.0102496192809,-56.6546902475314,-60,-64,-76,2,"23.90-7.0",0
"674","1140719441981",23.9,7,344.9,-65,-59,-59,-54,-59,-66.2612341491531,-70.3135619015994,2,"23.90-7.0",0
"675","1140719442233",23.9,7,344.9,-66,-59,-69,-55,-54.8630723149337,-78,-76,1,"23.90-7.0",0
"676","1140719442485",23.9,7,344.9,-66,-55,-60.0102496192809,-55,-60,-64,-76,1,"23.90-7.0",0
"677","1140719442737",23.9,7,344.9,-56.4354204773103,-57,-58,-55,-58,-69,-78,1,"23.90-7.0",0
"678","1140719442989",23.9,7,344.9,-66,-57,-58,-56,-58.5,-66.2612341491531,-79,1,"23.90-7.0",0
"679","1140719443241",23.9,7,344.9,-58,-57,-60,-56.6546902475314,-57,-67,-78,1,"23.90-7.0",0
"680","1140719443493",23.9,7,344.9,-56.4354204773103,-58,-60,-55,-59,-70,-78,1,"23.90-7.0",0
"681","1140719443745",23.9,7,344.9,-56.4354204773103,-58,-60,-56.6546902475314,-58,-66,-80,2,"23.90-7.0",0
"682","1140719444009",23.9,7,344.9,-68,-58,-60.0102496192809,-54.5,-54.8630723149337,-70,-80,2,"23.90-7.0",0
"683","1140719444262",23.9,7,344.9,-63,-60,-59,-54,-58,-80,-79,0,"23.90-7.0",0
"684","1140719444513",23.9,7,344.9,-56.4354204773103,-58,-68,-56.6546902475314,-54.8630723149337,-68,-78,3,"23.90-7.0",0
"685","1140719444765",23.9,7,344.9,-56.4354204773103,-56,-60,-54,-62,-66,-79,1,"23.90-7.0",0
"686","1140719445018",23.9,7,344.9,-60,-61,-60,-54,-54.8630723149337,-66,-78,1,"23.90-7.0",0
"687","1140719445270",23.9,7,344.9,-66,-61,-60,-54,-61,-79,-79,0,"23.90-7.0",0
"688","1140719445522",23.9,7,344.9,-62,-56,-60,-53,-54.8630723149337,-69,-77,1,"23.90-7.0",0
"689","1140719445774",23.9,7,344.9,-56.4354204773103,-57,-60,-54,-57,-66.2612341491531,-77,2,"23.90-7.0",0
"690","1140719446026",23.9,7,344.9,-68,-58,-67,-55,-54.8630723149337,-69,-79,1,"23.90-7.0",0
"691","1140719446278",23.9,7,344.9,-67.5,-57,-60.0102496192809,-54,-54.8630723149337,-81,-79,2,"23.90-7.0",0
"692","1140719446529",23.9,7,344.9,-56.4354204773103,-53.384679395735,-60,-56.6546902475314,-54.8630723149337,-66.2612341491531,-70.3135619015994,6,"23.90-7.0",0
"693","1140719446782",23.9,7,344.9,-67,-57,-60,-55,-58,-68,-79,0,"23.90-7.0",0
"694","1140719447034",23.9,7,344.9,-63,-59,-61,-55,-61,-63,-77,0,"23.90-7.0",0
"695","1140719447294",23.9,7,344.9,-63,-57,-59,-55,-61,-70,-77,0,"23.90-7.0",0
"696","1140719447546",23.9,7,344.9,-63,-59,-60.0102496192809,-54,-55,-68,-79,1,"23.90-7.0",0
"697","1140719447798",23.9,7,344.9,-64,-59,-57,-54,-56,-66.2612341491531,-77,1,"23.90-7.0",0
"698","1140719448050",23.9,7,344.9,-64,-57,-58,-54,-55,-80,-79,0,"23.90-7.0",0
"699","1140719448302",23.9,7,344.9,-64,-57,-60.0102496192809,-54,-54.8630723149337,-65,-79,2,"23.90-7.0",0
"700","1140719448554",23.9,7,344.9,-63,-56,-60,-56.6546902475314,-57,-69,-79,1,"23.90-7.0",0
"701","1140719448806",23.9,7,344.9,-62,-57,-57,-54,-54.8630723149337,-69,-79,1,"23.90-7.0",0
"702","1140719449058",23.9,7,344.9,-63,-59,-59,-56.6546902475314,-57,-70,-79,1,"23.90-7.0",0
"703","1140719449310",23.9,7,344.9,-64,-56,-60.0102496192809,-54.5,-56,-66,-78,1,"23.90-7.0",0
"704","1140719449562",23.9,7,344.9,-68,-59,-65,-55,-56,-68,-79,0,"23.90-7.0",0
"705","1140719449814",23.9,7,344.9,-56.4354204773103,-56,-66,-55,-54.8630723149337,-67,-79,2,"23.90-7.0",0
"706","1140719450066",23.9,7,344.9,-63,-61,-58,-54,-55,-69,-80,0,"23.90-7.0",0
"707","1140719450318",23.9,7,344.9,-70,-58,-59.5,-54,-54.8630723149337,-65,-80,1,"23.90-7.0",0
"708","1140719450582",23.9,7,344.9,-63,-59,-65,-55,-56,-79,-79,0,"23.90-7.0",0
"709","1140719450834",23.9,7,344.9,-56.4354204773103,-56,-60,-56,-54.8630723149337,-70,-79,2,"23.90-7.0",0
"710","1140719451086",23.9,7,344.9,-62,-60,-59,-55,-54.8630723149337,-70,-79,1,"23.90-7.0",0
"711","1140719451338",23.9,7,344.9,-64,-57,-59,-55,-61,-66,-80,0,"23.90-7.0",0
"712","1140719451590",23.9,7,344.9,-68,-56,-59,-56.6546902475314,-57,-69,-78,1,"23.90-7.0",0
"713","1140719451842",23.9,7,344.9,-64,-56,-60.0102496192809,-54,-56,-66.2612341491531,-79,2,"23.90-7.0",0
"714","1140719452094",23.9,7,344.9,-62,-57,-67,-54,-54.8630723149337,-66.2612341491531,-80,2,"23.90-7.0",0
"715","1140719452346",23.9,7,344.9,-64,-59,-60.0102496192809,-55,-61,-64,-78,1,"23.90-7.0",0
"716","1140719452598",23.9,7,344.9,-63,-58,-60.0102496192809,-54,-54.8630723149337,-66.2612341491531,-78,3,"23.90-7.0",0
"717","1140719452850",23.9,7,344.9,-65,-55,-71,-54,-59,-69,-78,0,"23.90-7.0",0
"718","1140719453114",23.9,7,344.9,-56.4354204773103,-54,-61,-56.6546902475314,-59,-69,-77,2,"23.90-7.0",0
"719","1140719453378",23.9,7,344.9,-65,-56,-60,-54,-54.8630723149337,-69,-78,1,"23.90-7.0",0
"720","1140719453630",23.9,7,344.9,-66,-55,-61,-56.6546902475314,-58,-77,-76,1,"23.90-7.0",0
"721","1140719453882",23.9,7,344.9,-64,-58,-61,-53,-57,-69,-77,0,"23.90-7.0",0
"722","1140719454134",23.9,7,344.9,-56.4354204773103,-56,-62,-54,-54.8630723149337,-69,-78,2,"23.90-7.0",0
"723","1140719454386",23.9,7,344.9,-56.4354204773103,-59,-59,-54,-58,-78,-77,1,"23.90-7.0",0
"724","1140719454638",23.9,7,344.9,-64,-55,-61,-53,-57,-69,-76,0,"23.90-7.0",0
"725","1140719454890",23.9,7,344.9,-64,-54,-69,-53,-57,-68,-78,0,"23.90-7.0",0
"726","1140719455142",23.9,7,344.9,-64,-55,-62,-53,-58,-66.2612341491531,-78,1,"23.90-7.0",0
"727","1140719455394",23.9,7,344.9,-56.4354204773103,-55,-70,-53,-58,-77,-78,1,"23.90-7.0",0
"728","1140719455646",23.9,7,344.9,-66,-59,-60.0102496192809,-53,-54.8630723149337,-69.5,-77,2,"23.90-7.0",0
"729","1140719455898",23.9,7,344.9,-64,-56,-60.0102496192809,-53,-60,-69,-77,1,"23.90-7.0",0
"730","1140719456150",23.9,7,344.9,-56.4354204773103,-60,-61,-54,-58,-65,-76,1,"23.90-7.0",0
"731","1140719456402",23.9,7,344.9,-66,-56,-58,-53,-58,-66.2612341491531,-79,1,"23.90-7.0",0
"732","1140719456654",23.9,7,344.9,-63,-56,-59,-55,-58,-66.2612341491531,-78,1,"23.90-7.0",0
"733","1140719456906",23.9,7,344.9,-56.4354204773103,-59,-60.0102496192809,-53,-58,-70,-78,2,"23.90-7.0",0
"734","1140719457164",23.9,7,344.9,-66.5,-60,-62,-54,-60,-79,-77,0,"23.90-7.0",0
"735","1140719457418",23.9,7,344.9,-65,-57,-59,-54,-54.8630723149337,-68,-70.3135619015994,2,"23.90-7.0",0
"736","1140719457670",23.9,7,344.9,-64,-56,-60.0102496192809,-55,-59,-65,-77,1,"23.90-7.0",0
"737","1140719457922",23.9,7,344.9,-66.5,-58,-58,-54,-54.8630723149337,-66.2612341491531,-78,2,"23.90-7.0",0
"738","1140719458174",23.9,7,344.9,-56.4354204773103,-60,-60.0102496192809,-53,-58,-79,-79,2,"23.90-7.0",0
"739","1140719458426",23.9,7,344.9,-65,-58,-66,-53,-58,-64,-78,0,"23.90-7.0",0
"740","1140719458678",23.9,7,344.9,-64,-60,-61,-53,-60,-79,-77,0,"23.90-7.0",0
"741","1140719458930",23.9,7,344.9,-56.4354204773103,-60,-70,-55,-54.8630723149337,-63,-76,2,"23.90-7.0",0
"742","1140719459182",23.9,7,344.9,-64,-56,-59,-53,-59,-68,-77,0,"23.90-7.0",0
"743","1140719459435",23.9,7,344.9,-66,-59,-69,-54,-58,-69,-79,0,"23.90-7.0",0
"744","1140719459687",23.9,7,344.9,-63,-56,-61,-53,-61,-64,-79,0,"23.90-7.0",0
"745","1140719459938",23.9,7,344.9,-56.4354204773103,-56,-60.0102496192809,-54,-56,-64,-77,2,"23.90-7.0",0
"746","1140719460190",23.9,7,344.9,-64,-55,-61,-54,-60,-66,-77,0,"23.90-7.0",0
"747","1140719460447",23.9,7,344.9,-65.25,-56,-60.0102496192809,-54,-60,-79,-77,1,"23.90-7.0",0
"748","1140719460698",23.9,7,344.9,-56.4354204773103,-56,-61,-53,-59,-69,-77,1,"23.90-7.0",0
"749","1140719460951",23.9,7,344.9,-65,-59,-57,-53,-59,-69,-77,0,"23.90-7.0",0
"750","1140719461202",23.9,7,344.9,-65,-59,-69,-56.6546902475314,-54.8630723149337,-69,-76,2,"23.90-7.0",0
"751","1140719461455",23.9,7,344.9,-56.4354204773103,-56,-62,-53,-60,-69,-78,1,"23.90-7.0",0
"752","1140719461707",23.9,7,344.9,-56.4354204773103,-60,-69,-54,-59,-79,-78,1,"23.90-7.0",0
"753","1140719461959",23.9,7,344.9,-56.4354204773103,-60,-70,-53,-59,-69,-78,1,"23.90-7.0",0
"754","1140719462211",23.9,7,344.9,-56.4354204773103,-60,-59,-54,-61,-70,-78,1,"23.90-7.0",0
"755","1140719462463",23.9,7,344.9,-64,-55,-60,-54,-57,-69,-78,0,"23.90-7.0",0
"756","1140719462715",23.9,7,344.9,-66,-56,-58,-55,-58,-66.2612341491531,-77,1,"23.90-7.0",0
"757","1140719462967",23.9,7,344.9,-63,-59,-60.0102496192809,-56.6546902475314,-62,-64,-78,2,"23.90-7.0",0
"758","1140719463219",23.9,7,344.9,-63,-55,-58,-54,-61,-69,-78,0,"23.90-7.0",0
"759","1140719463471",23.9,7,344.9,-67,-59,-60.0102496192809,-54,-60,-65,-77,1,"23.90-7.0",0
"760","1140719463727",23.9,7,344.9,-56.4354204773103,-59,-60,-55,-57,-69,-77,1,"23.90-7.0",0
"761","1140719463979",23.9,7,344.9,-67,-58,-60,-55,-57,-64,-78,0,"23.90-7.0",0
"762","1140719464231",23.9,7,344.9,-67,-56,-69,-54,-54.8630723149337,-63,-79,1,"23.90-7.0",0
"763","1140719464483",23.9,7,344.9,-67,-59,-60.0102496192809,-54,-59,-69,-77,1,"23.90-7.0",0
"764","1140719464735",23.9,7,344.9,-64,-56,-60.0102496192809,-56.6546902475314,-54.8630723149337,-70,-78,3,"23.90-7.0",0
"765","1140719464987",23.9,7,344.9,-64,-59,-69,-55,-58,-79,-78,0,"23.90-7.0",0
"766","1140719465239",23.9,7,344.9,-67,-58,-60.0102496192809,-53,-57,-64,-70.3135619015994,2,"23.90-7.0",0
"767","1140719465491",23.9,7,344.9,-66,-55,-61,-54,-58,-66.2612341491531,-77,1,"23.90-7.0",0
"768","1140719465743",23.9,7,344.9,-64,-55,-60.0102496192809,-54,-60,-65,-77,1,"23.90-7.0",0
"769","1140719671620",25.23,7.78,10,-67,-56,-71,-56,-56,-71,-76,0,"25.23-7.78",0
"770","1140719671872",25.23,7.78,10,-67,-55,-64,-55,-52,-70,-75,0,"25.23-7.78",0
"771","1140719672124",25.23,7.78,10,-56.4354204773103,-55,-71,-54,-44,-64,-77,1,"25.23-7.78",0
"772","1140719672376",25.23,7.78,10,-68,-55,-64,-54,-46,-72,-77,0,"25.23-7.78",0
"773","1140719672628",25.23,7.78,10,-68,-55,-70,-52,-46,-83,-76,0,"25.23-7.78",0
"774","1140719672880",25.23,7.78,10,-69,-58,-72,-52,-46,-77,-77,0,"25.23-7.78",0
"775","1140719673132",25.23,7.78,10,-66,-57,-65,-53,-51,-81,-75,0,"25.23-7.78",0
"776","1140719673384",25.23,7.78,10,-68,-56,-64,-56.6546902475314,-44,-73,-76,1,"25.23-7.78",0
"777","1140719673636",25.23,7.78,10,-68,-55,-66,-54,-44,-66.2612341491531,-72,1,"25.23-7.78",0
"778","1140719673888",25.23,7.78,10,-67,-55,-60.0102496192809,-54,-48,-71,-72,1,"25.23-7.78",0
"779","1140719674140",25.23,7.78,10,-68,-57,-64,-54,-45,-66.2612341491531,-72,1,"25.23-7.78",0
"780","1140719674392",25.23,7.78,10,-67,-55,-64,-52,-45,-79,-71,0,"25.23-7.78",0
"781","1140719674644",25.23,7.78,10,-68.5,-51,-64,-53,-49,-73,-73,0,"25.23-7.78",0
"782","1140719674896",25.23,7.78,10,-56.4354204773103,-57,-60.0102496192809,-54,-44,-73,-73,2,"25.23-7.78",0
"783","1140719675148",25.23,7.78,10,-69,-52,-63,-53,-46,-81,-78,0,"25.23-7.78",0
"784","1140719675400",25.23,7.78,10,-56.4354204773103,-52,-64,-56.6546902475314,-54.8630723149337,-71,-78,3,"25.23-7.78",0
"785","1140719675652",25.23,7.78,10,-56.4354204773103,-51,-64,-54,-45,-81,-78,1,"25.23-7.78",0
"786","1140719675904",25.23,7.78,10,-73,-51,-68,-56.6546902475314,-45,-72,-77,1,"25.23-7.78",0
"787","1140719676156",25.23,7.78,10,-70,-52,-65,-52,-45,-66.2612341491531,-72,1,"25.23-7.78",0
"788","1140719676408",25.23,7.78,10,-56.4354204773103,-53.384679395735,-65,-56.6546902475314,-54.8630723149337,-66.2612341491531,-70.3135619015994,6,"25.23-7.78",0
"789","1140719676660",25.23,7.78,10,-72,-58,-65,-52,-45,-72,-72,0,"25.23-7.78",0
"790","1140719676912",25.23,7.78,10,-71,-52,-68,-52,-48,-72,-73,0,"25.23-7.78",0
"791","1140719677164",25.23,7.78,10,-56.4354204773103,-56,-66,-52,-54.8630723149337,-72,-72,2,"25.23-7.78",0
"792","1140719677416",25.23,7.78,10,-69,-55,-64,-53,-46,-72.5,-79,0,"25.23-7.78",0
"793","1140719677668",25.23,7.78,10,-70,-51,-70,-53,-46,-71,-78,0,"25.23-7.78",0
"794","1140719677920",25.23,7.78,10,-69,-52,-60.0102496192809,-53,-54.8630723149337,-73,-73,2,"25.23-7.78",0
"795","1140719678172",25.23,7.78,10,-72,-55,-70,-56.6546902475314,-45,-80,-73,1,"25.23-7.78",0
"796","1140719678424",25.23,7.78,10,-65,-56,-71,-55,-45,-69,-70.3135619015994,1,"25.23-7.78",0
"797","1140719678676",25.23,7.78,10,-67,-56,-60.0102496192809,-56.6546902475314,-49,-72,-77,2,"25.23-7.78",0
"798","1140719678928",25.23,7.78,10,-56.4354204773103,-57,-71,-52,-49,-66.2612341491531,-73,2,"25.23-7.78",0
"799","1140719679180",25.23,7.78,10,-67,-56,-69,-53,-48,-71,-71,0,"25.23-7.78",0
"800","1140719679432",25.23,7.78,10,-67,-55,-69,-53,-47,-82,-77,0,"25.23-7.78",0
"801","1140719679684",25.23,7.78,10,-68,-57,-65,-54,-54.8630723149337,-72,-76,1,"25.23-7.78",0
"802","1140719679936",25.23,7.78,10,-67,-56,-65,-54,-47,-73,-76,0,"25.23-7.78",0
"803","1140719680188",25.23,7.78,10,-68,-55,-64,-53,-46,-66.2612341491531,-73,1,"25.23-7.78",0
"804","1140719680440",25.23,7.78,10,-69.5,-55,-64,-54,-54.8630723149337,-66.2612341491531,-73,2,"25.23-7.78",0
"805","1140719680692",25.23,7.78,10,-56.4354204773103,-54,-63,-54,-49,-73,-73,1,"25.23-7.78",0
"806","1140719680944",25.23,7.78,10,-66,-55,-63,-52,-47.5,-71,-79,0,"25.23-7.78",0
"807","1140719681196",25.23,7.78,10,-67,-55,-60.0102496192809,-52,-54.8630723149337,-72,-73,2,"25.23-7.78",0
"808","1140719681448",25.23,7.78,10,-56.4354204773103,-55,-60.0102496192809,-56.6546902475314,-47,-71,-74,3,"25.23-7.78",0
"809","1140719681700",25.23,7.78,10,-66,-54,-60.0102496192809,-54,-54.8630723149337,-76,-79,2,"25.23-7.78",0
"810","1140719681952",25.23,7.78,10,-56.4354204773103,-54,-60.0102496192809,-54,-51,-73,-79,2,"25.23-7.78",0
"811","1140719682205",25.23,7.78,10,-65,-55,-63,-53,-50,-84,-78,0,"25.23-7.78",0
"812","1140719682456",25.23,7.78,10,-66,-55,-71,-55,-46,-72,-71,0,"25.23-7.78",0
"813","1140719682708",25.23,7.78,10,-66,-56,-70,-52,-51,-81,-79,0,"25.23-7.78",0
"814","1140719682960",25.23,7.78,10,-66,-56,-70,-56.6546902475314,-47,-66.2612341491531,-76,2,"25.23-7.78",0
"815","1140719683212",25.23,7.78,10,-66,-56,-70,-54,-54.8630723149337,-71,-79,1,"25.23-7.78",0
"816","1140719683464",25.23,7.78,10,-67,-51,-65,-54,-45,-72,-73,0,"25.23-7.78",0
"817","1140719683717",25.23,7.78,10,-66,-52,-63,-53,-46,-81,-71,0,"25.23-7.78",0
"818","1140719683969",25.23,7.78,10,-56.4354204773103,-56,-64,-54,-50,-70.5,-72,1,"25.23-7.78",0
"819","1140719684221",25.23,7.78,10,-67,-56,-71,-53,-46,-81,-78,0,"25.23-7.78",0
"820","1140719684472",25.23,7.78,10,-67,-55,-60.0102496192809,-52,-45,-66.2612341491531,-76,2,"25.23-7.78",0
"821","1140719684725",25.23,7.78,10,-66,-55,-60.0102496192809,-54,-46,-72,-71,1,"25.23-7.78",0
"822","1140719684977",25.23,7.78,10,-67,-55,-64,-54,-46,-71,-72,0,"25.23-7.78",0
"823","1140719685229",25.23,7.78,10,-68,-55,-70,-55,-45,-72,-77,0,"25.23-7.78",0
"824","1140719685481",25.23,7.78,10,-67.5,-56,-71,-54,-45,-71,-72,0,"25.23-7.78",0
"825","1140719685733",25.23,7.78,10,-66,-51,-64,-53,-50,-72,-77,0,"25.23-7.78",0
"826","1140719685985",25.23,7.78,10,-66,-55,-65,-56.6546902475314,-45,-72,-73,1,"25.23-7.78",0
"827","1140719686241",25.23,7.78,10,-66,-55,-71,-53,-54.8630723149337,-71,-77,1,"25.23-7.78",0
"828","1140719686493",25.23,7.78,10,-66,-52,-60.0102496192809,-54,-50,-72,-73,1,"25.23-7.78",0
"829","1140719686745",25.23,7.78,10,-66,-56,-63,-55,-50,-69,-78,0,"25.23-7.78",0
"830","1140719687097",25.23,7.78,10,-66,-55,-64,-56.6546902475314,-46,-72,-73,1,"25.23-7.78",0
"831","1140719687349",25.23,7.78,10,-63,-55,-63,-56.6546902475314,-50,-66.2612341491531,-78,2,"25.23-7.78",0
"832","1140719687601",25.23,7.78,10,-56.4354204773103,-51,-60.0102496192809,-54,-49,-72,-78,2,"25.23-7.78",0
"833","1140719687853",25.23,7.78,10,-56.4354204773103,-51,-63,-53,-46,-83,-73,1,"25.23-7.78",0
"834","1140719688105",25.23,7.78,10,-66,-56,-64,-56,-54.8630723149337,-70,-73,1,"25.23-7.78",0
"835","1140719688357",25.23,7.78,10,-68,-55,-71,-56,-49,-81,-72,0,"25.23-7.78",0
"836","1140719688609",25.23,7.78,10,-66,-56,-60.0102496192809,-54,-44,-73,-73,1,"25.23-7.78",0
"837","1140719688861",25.23,7.78,10,-66,-56,-70,-54,-45,-72,-73,0,"25.23-7.78",0
"838","1140719689113",25.23,7.78,10,-68,-56,-71,-52,-46,-72,-79,0,"25.23-7.78",0
"839","1140719689365",25.23,7.78,10,-68,-51,-71,-56.6546902475314,-45,-72,-77,1,"25.23-7.78",0
"840","1140719689621",25.23,7.78,10,-68,-57,-70,-54,-45,-70,-73,0,"25.23-7.78",0
"841","1140719689873",25.23,7.78,10,-67,-55,-70,-56.6546902475314,-47,-81,-72,1,"25.23-7.78",0
"842","1140719690125",25.23,7.78,10,-67,-57,-59,-52,-45,-66.2612341491531,-73,1,"25.23-7.78",0
"843","1140719690377",25.23,7.78,10,-67,-51,-64,-54,-46,-72,-74,0,"25.23-7.78",0
"844","1140719690629",25.23,7.78,10,-56.4354204773103,-51,-71,-53,-54.8630723149337,-83,-79,2,"25.23-7.78",0
"845","1140719690881",25.23,7.78,10,-67,-55,-64,-54,-54.8630723149337,-73,-73,1,"25.23-7.78",0
"846","1140719691133",25.23,7.78,10,-66,-57,-63,-56.6546902475314,-46,-66.2612341491531,-72,2,"25.23-7.78",0
"847","1140719691385",25.23,7.78,10,-67.5,-55,-71,-54,-54.8630723149337,-66.2612341491531,-80,2,"25.23-7.78",0
"848","1140719691637",25.23,7.78,10,-68,-55,-64,-53,-49,-73,-78,0,"25.23-7.78",0
"849","1140719691889",25.23,7.78,10,-70,-56,-64,-53,-51,-73,-79,0,"25.23-7.78",0
"850","1140719692141",25.23,7.78,10,-66,-56,-60.0102496192809,-56.6546902475314,-47,-66.2612341491531,-78,3,"25.23-7.78",0
"851","1140719692393",25.23,7.78,10,-67,-56,-60.0102496192809,-56.6546902475314,-46,-73,-80,2,"25.23-7.78",0
"852","1140719692645",25.23,7.78,10,-66,-55,-63,-58,-47,-66.2612341491531,-78,1,"25.23-7.78",0
"853","1140719692897",25.23,7.78,10,-67,-55,-62,-53,-50,-69,-79,0,"25.23-7.78",0
"854","1140719693149",25.23,7.78,10,-56.4354204773103,-55,-60.0102496192809,-54,-54.8630723149337,-73,-75,3,"25.23-7.78",0
"855","1140719693401",25.23,7.78,10,-66,-55,-70,-54,-50,-73,-79,0,"25.23-7.78",0
"856","1140719693653",25.23,7.78,10,-65,-56,-70,-54,-48,-73,-78,0,"25.23-7.78",0
"857","1140719693905",25.23,7.78,10,-67,-55,-62,-54,-48,-82,-78,0,"25.23-7.78",0
"858","1140719694157",25.23,7.78,10,-56.4354204773103,-56,-62,-53,-50,-73,-76,1,"25.23-7.78",0
"859","1140719694409",25.23,7.78,10,-66.5,-56,-63,-56.6546902475314,-48,-72,-76,1,"25.23-7.78",0
"860","1140719694661",25.23,7.78,10,-67,-52,-63,-54,-54.8630723149337,-72,-75,1,"25.23-7.78",0
"861","1140719694913",25.23,7.78,10,-56.4354204773103,-52,-70.5,-54,-48,-73,-76,1,"25.23-7.78",0
"862","1140719695165",25.23,7.78,10,-67,-54,-71,-58,-47,-73,-77,0,"25.23-7.78",0
"863","1140719695417",25.23,7.78,10,-67,-55,-60.0102496192809,-53,-48,-66.2612341491531,-80,2,"25.23-7.78",0
"864","1140719695669",25.23,7.78,10,-66,-52,-65.5,-56.6546902475314,-48,-82,-76,1,"25.23-7.78",0
"865","1140719695921",25.23,7.78,10,-56.4354204773103,-55,-62,-53,-52,-73,-78,1,"25.23-7.78",0
"866","1140719696173",25.23,7.78,10,-56.4354204773103,-55,-70,-54,-50,-73,-75,1,"25.23-7.78",0
"867","1140719696425",25.23,7.78,10,-66,-54,-71,-54,-49,-69,-78,0,"25.23-7.78",0
"868","1140719696677",25.23,7.78,10,-66,-54,-61,-53,-48,-66.2612341491531,-77,1,"25.23-7.78",0
"869","1140719696929",25.23,7.78,10,-67,-55,-69,-56.6546902475314,-48,-66.2612341491531,-76,2,"25.23-7.78",0
"870","1140719697181",25.23,7.78,10,-67,-54,-71,-54,-48,-72,-79,0,"25.23-7.78",0
"871","1140719697633",25.23,7.78,10,-64,-55,-59,-53,-48,-66.2612341491531,-70.3135619015994,2,"25.23-7.78",0
"872","1140719697885",25.23,7.78,10,-66,-54,-62,-55,-48,-73,-76,0,"25.23-7.78",0
"873","1140719698137",25.23,7.78,10,-65,-56,-69,-56.6546902475314,-48,-73,-76,1,"25.23-7.78",0
"874","1140719698389",25.23,7.78,10,-67,-52,-61,-58,-48,-67,-75,0,"25.23-7.78",0
"875","1140719698641",25.23,7.78,10,-67,-52,-69,-55,-50,-73,-78,0,"25.23-7.78",0
"876","1140719698894",25.23,7.78,10,-66.5,-55,-71,-53,-48,-81,-76,0,"25.23-7.78",0
"877","1140719699145",25.23,7.78,10,-56.4354204773103,-56,-60,-54,-48,-72,-76,1,"25.23-7.78",0
"878","1140719699397",25.23,7.78,10,-66,-56,-71,-56.6546902475314,-47,-66.2612341491531,-77,2,"25.23-7.78",0
"879","1140720526880",23.24,7.5,7.9,-63,-57,-59,-54,-63,-72,-81,0,"23.24-7.50",0
"880","1140720527144",23.24,7.5,7.9,-65,-55,-60.0102496192809,-55,-58,-71,-81,1,"23.24-7.50",0
"881","1140720527397",23.24,7.5,7.9,-65,-54,-60.0102496192809,-53,-68,-70,-79,1,"23.24-7.50",0
"882","1140720527649",23.24,7.5,7.9,-56.4354204773103,-58,-60.0102496192809,-53,-54.8630723149337,-69,-78,3,"23.24-7.50",0
"883","1140720527901",23.24,7.5,7.9,-65,-55,-60.0102496192809,-56.6546902475314,-51,-69,-79,2,"23.24-7.50",0
"884","1140720528153",23.24,7.5,7.9,-68,-57,-62,-56.6546902475314,-54.8630723149337,-69,-79,2,"23.24-7.50",0
"885","1140720528405",23.24,7.5,7.9,-68,-57,-59,-56.6546902475314,-54.8630723149337,-66.2612341491531,-83,3,"23.24-7.50",0
"886","1140720528657",23.24,7.5,7.9,-56.4354204773103,-57,-59,-53,-57,-70,-82,1,"23.24-7.50",0
"887","1140720528909",23.24,7.5,7.9,-64,-56,-59,-56.6546902475314,-58,-70,-77,1,"23.24-7.50",0
"888","1140720529161",23.24,7.5,7.9,-64,-57,-61,-56.6546902475314,-52,-70,-77,1,"23.24-7.50",0
"889","1140720529413",23.24,7.5,7.9,-65,-56,-60,-54,-58,-67,-77,0,"23.24-7.50",0
"890","1140720529665",23.24,7.5,7.9,-65,-55,-60.0102496192809,-53,-52,-66.2612341491531,-82,2,"23.24-7.50",0
"891","1140720529917",23.24,7.5,7.9,-64,-55,-61,-56.6546902475314,-52,-69,-77,1,"23.24-7.50",0
"892","1140720530169",23.24,7.5,7.9,-63,-55,-59,-54,-54.8630723149337,-71,-79,1,"23.24-7.50",0
"893","1140720530421",23.24,7.5,7.9,-56.4354204773103,-55,-59,-56.6546902475314,-59,-71,-77,2,"23.24-7.50",0
"894","1140720530673",23.24,7.5,7.9,-64,-55,-60.0102496192809,-54,-60,-66.2612341491531,-81,2,"23.24-7.50",0
"895","1140720530925",23.24,7.5,7.9,-65,-56,-60.0102496192809,-54,-59,-70,-81,1,"23.24-7.50",0
"896","1140720531177",23.24,7.5,7.9,-65,-56,-60.0102496192809,-53,-60,-71,-81,1,"23.24-7.50",0
"897","1140720531430",23.24,7.5,7.9,-67,-55,-62,-52,-54.8630723149337,-69,-82,1,"23.24-7.50",0
"898","1140720531681",23.24,7.5,7.9,-65,-56,-54,-54,-62,-70,-77,0,"23.24-7.50",0
"899","1140720531934",23.24,7.5,7.9,-66,-55,-61,-54,-54,-66.2612341491531,-80,1,"23.24-7.50",0
"900","1140720532185",23.24,7.5,7.9,-65,-56,-58,-54,-54.8630723149337,-71,-76,1,"23.24-7.50",0
"901","1140720532446",23.24,7.5,7.9,-56.4354204773103,-55,-60.0102496192809,-53,-52.5,-70,-82,2,"23.24-7.50",0
"902","1140720532698",23.24,7.5,7.9,-65,-57,-62,-53,-52,-70,-80,0,"23.24-7.50",0
"903","1140720532950",23.24,7.5,7.9,-56.4354204773103,-56,-58,-54,-53,-68,-76,1,"23.24-7.50",0
"904","1140720533202",23.24,7.5,7.9,-66,-57,-60.0102496192809,-55,-54,-68,-78,1,"23.24-7.50",0
"905","1140720533454",23.24,7.5,7.9,-68,-58,-60.0102496192809,-54,-52,-71,-81,1,"23.24-7.50",0
"906","1140720533705",23.24,7.5,7.9,-65,-56,-62,-56.6546902475314,-53,-66.2612341491531,-70.3135619015994,3,"23.24-7.50",0
"907","1140720533958",23.24,7.5,7.9,-66,-58,-62,-54,-54,-71.5,-83,0,"23.24-7.50",0
"908","1140720534210",23.24,7.5,7.9,-65,-56,-61,-54,-53,-68,-77,0,"23.24-7.50",0
"909","1140720534462",23.24,7.5,7.9,-65,-56,-60.0102496192809,-53,-59,-69,-77,1,"23.24-7.50",0
"910","1140720534714",23.24,7.5,7.9,-64.5,-56,-61,-55,-59,-71.5,-83,0,"23.24-7.50",0
"911","1140720534966",23.24,7.5,7.9,-65,-58,-60,-53,-53,-71,-77,0,"23.24-7.50",0
"912","1140720535218",23.24,7.5,7.9,-65,-57,-56,-55,-53,-70,-79,0,"23.24-7.50",0
"913","1140720535470",23.24,7.5,7.9,-56.4354204773103,-56,-61,-52,-54,-71,-77,1,"23.24-7.50",0
"914","1140720535722",23.24,7.5,7.9,-64,-57,-60.0102496192809,-54,-60,-70,-83,1,"23.24-7.50",0
"915","1140720535974",23.24,7.5,7.9,-56.4354204773103,-57,-55,-54,-54.8630723149337,-66.2612341491531,-79,3,"23.24-7.50",0
"916","1140720536226",23.24,7.5,7.9,-65,-55,-60.0102496192809,-56.6546902475314,-53,-70,-77,2,"23.24-7.50",0
"917","1140720536478",23.24,7.5,7.9,-56.4354204773103,-55,-60.0102496192809,-54,-54,-69,-78,2,"23.24-7.50",0
"918","1140720536730",23.24,7.5,7.9,-63,-57,-58,-55,-59,-67,-78,0,"23.24-7.50",0
"919","1140720536982",23.24,7.5,7.9,-65,-57,-58,-54,-54.8630723149337,-69,-81,1,"23.24-7.50",0
"920","1140720537234",23.24,7.5,7.9,-64,-57,-58,-54,-59,-70,-82,0,"23.24-7.50",0
"921","1140720537486",23.24,7.5,7.9,-56.4354204773103,-57,-61,-55,-59,-69,-77,1,"23.24-7.50",0
"922","1140720537738",23.24,7.5,7.9,-63,-58,-55,-53,-54,-69,-84,0,"23.24-7.50",0
"923","1140720537990",23.24,7.5,7.9,-65,-57,-61,-54,-54,-71,-83,0,"23.24-7.50",0
"924","1140720538242",23.24,7.5,7.9,-64,-58,-60.0102496192809,-56.6546902475314,-54.8630723149337,-70,-76,3,"23.24-7.50",0
"925","1140720538494",23.24,7.5,7.9,-61,-58,-61,-54,-59,-69,-80,0,"23.24-7.50",0
"926","1140720538746",23.24,7.5,7.9,-56.4354204773103,-56,-62,-52,-54,-66.2612341491531,-82,2,"23.24-7.50",0
"927","1140720538998",23.24,7.5,7.9,-64,-56,-60,-52,-54,-69,-79,0,"23.24-7.50",0
"928","1140720539254",23.24,7.5,7.9,-63,-57,-60,-53,-57,-70,-78,0,"23.24-7.50",0
"929","1140720539506",23.24,7.5,7.9,-69,-56,-60.0102496192809,-54,-59,-66.2612341491531,-79,2,"23.24-7.50",0
"930","1140720539758",23.24,7.5,7.9,-56.4354204773103,-55,-60.0102496192809,-53,-57,-67,-78,2,"23.24-7.50",0
"931","1140720540010",23.24,7.5,7.9,-63,-55,-56,-53,-55,-66,-80,0,"23.24-7.50",0
"932","1140720540262",23.24,7.5,7.9,-63,-56,-57,-53,-57,-66.2612341491531,-79,1,"23.24-7.50",0
"933","1140720540514",23.24,7.5,7.9,-63,-55,-59,-53,-58,-66,-78,0,"23.24-7.50",0
"934","1140720540766",23.24,7.5,7.9,-66.5,-56,-62,-53,-54.8630723149337,-68,-81,1,"23.24-7.50",0
"935","1140720541018",23.24,7.5,7.9,-64,-56,-60.0102496192809,-56.6546902475314,-54,-72,-77,2,"23.24-7.50",0
"936","1140720541270",23.24,7.5,7.9,-64,-58,-58,-53,-53,-70,-79,0,"23.24-7.50",0
"937","1140720541522",23.24,7.5,7.9,-64,-56,-57,-54,-54.8630723149337,-69,-77,1,"23.24-7.50",0
"938","1140720541774",23.24,7.5,7.9,-56.4354204773103,-56,-61,-53,-53,-69,-78,1,"23.24-7.50",0
"939","1140720542026",23.24,7.5,7.9,-63,-58,-61,-54,-54,-70,-78,0,"23.24-7.50",0
"940","1140720542278",23.24,7.5,7.9,-63,-57,-62,-53,-58,-72,-77,0,"23.24-7.50",0
"941","1140720542534",23.24,7.5,7.9,-56.4354204773103,-57,-58,-53,-58,-66,-78,1,"23.24-7.50",0
"942","1140720542786",23.24,7.5,7.9,-63.5,-58,-58,-54,-59,-69,-79,0,"23.24-7.50",0
"943","1140720543038",23.24,7.5,7.9,-56.4354204773103,-58,-60.0102496192809,-53,-53,-67,-81,2,"23.24-7.50",0
"944","1140720543290",23.24,7.5,7.9,-64,-58,-57,-56.6546902475314,-53,-66.2612341491531,-79,2,"23.24-7.50",0
"945","1140720543542",23.24,7.5,7.9,-64,-58,-57,-56.6546902475314,-60,-70,-78,1,"23.24-7.50",0
"946","1140720543794",23.24,7.5,7.9,-60,-55,-61,-54,-61,-71,-76,0,"23.24-7.50",0
"947","1140720544046",23.24,7.5,7.9,-69,-55,-60.0102496192809,-54,-61,-67,-77,1,"23.24-7.50",0
"948","1140720544298",23.24,7.5,7.9,-65,-56,-59,-54,-61,-66.2612341491531,-77,1,"23.24-7.50",0
"949","1140720544550",23.24,7.5,7.9,-56.4354204773103,-58,-59,-53,-54.8630723149337,-67,-77,2,"23.24-7.50",0
"950","1140720544802",23.24,7.5,7.9,-69,-57,-58,-54,-53,-67,-82,0,"23.24-7.50",0
"951","1140720545054",23.24,7.5,7.9,-56.4354204773103,-57,-62,-54,-53,-66,-76,1,"23.24-7.50",0
"952","1140720545306",23.24,7.5,7.9,-64,-59,-57,-53,-54.8630723149337,-71,-79,1,"23.24-7.50",0
"953","1140720545558",23.24,7.5,7.9,-64,-55,-61,-54,-60,-66.2612341491531,-78,1,"23.24-7.50",0
"954","1140720545810",23.24,7.5,7.9,-62.5,-57,-59,-54,-53,-69,-70.3135619015994,1,"23.24-7.50",0
"955","1140720546062",23.24,7.5,7.9,-69,-58,-60.0102496192809,-54,-53,-66.2612341491531,-77,2,"23.24-7.50",0
"956","1140720546314",23.24,7.5,7.9,-64,-58,-60,-55,-61,-66.2612341491531,-84,1,"23.24-7.50",0
"957","1140720546566",23.24,7.5,7.9,-68,-57,-60.0102496192809,-52,-53,-66.2612341491531,-77,2,"23.24-7.50",0
"958","1140720546818",23.24,7.5,7.9,-65,-57,-57,-55,-60,-72,-77,0,"23.24-7.50",0
"959","1140720547070",23.24,7.5,7.9,-65,-58,-60.0102496192809,-56.6546902475314,-53,-71,-79,2,"23.24-7.50",0
"960","1140720547322",23.24,7.5,7.9,-62,-57,-60,-53,-54.8630723149337,-71,-78,1,"23.24-7.50",0
"961","1140720547574",23.24,7.5,7.9,-65,-57,-59,-53,-60,-70,-84,0,"23.24-7.50",0
"962","1140720547826",23.24,7.5,7.9,-65,-55,-55,-52,-54.8630723149337,-66.2612341491531,-77,2,"23.24-7.50",0
"963","1140720548078",23.24,7.5,7.9,-56.4354204773103,-58,-61,-56.6546902475314,-52,-66.2612341491531,-83,3,"23.24-7.50",0
"964","1140720548331",23.24,7.5,7.9,-66,-58,-59,-54,-52,-70,-85,0,"23.24-7.50",0
"965","1140720548583",23.24,7.5,7.9,-65,-59,-59,-54,-62,-72,-84,0,"23.24-7.50",0
"966","1140720548835",23.24,7.5,7.9,-65,-58,-57,-55,-61,-70,-83,0,"23.24-7.50",0
"967","1140720549086",23.24,7.5,7.9,-65,-56,-59,-54,-54.8630723149337,-66.2612341491531,-78,2,"23.24-7.50",0
"968","1140720549339",23.24,7.5,7.9,-56.4354204773103,-57,-62,-54,-52,-71,-78,1,"23.24-7.50",0
"969","1140720549599",23.24,7.5,7.9,-66,-56,-72,-51,-54.8630723149337,-67,-85,1,"23.24-7.50",0
"970","1140720549851",23.24,7.5,7.9,-67,-58,-61,-55,-60,-68,-86,0,"23.24-7.50",0
"971","1140720550103",23.24,7.5,7.9,-66,-56,-59,-54,-53,-70,-85,0,"23.24-7.50",0
"972","1140720550355",23.24,7.5,7.9,-65,-58,-61,-51,-52,-70,-82,0,"23.24-7.50",0
"973","1140720550607",23.24,7.5,7.9,-66,-55,-60.0102496192809,-56.6546902475314,-52,-70,-77,2,"23.24-7.50",0
"974","1140720550859",23.24,7.5,7.9,-65,-56,-59,-54,-62,-70,-76,0,"23.24-7.50",0
"975","1140720551111",23.24,7.5,7.9,-67,-57,-61,-55,-61,-68,-78,0,"23.24-7.50",0
"976","1140720551363",23.24,7.5,7.9,-67,-56,-62,-54,-61,-72,-78,0,"23.24-7.50",0
"977","1140720551615",23.24,7.5,7.9,-67,-56,-59,-55,-61,-66.2612341491531,-84,1,"23.24-7.50",0
"978","1140720551867",23.24,7.5,7.9,-56.4354204773103,-55,-59,-56,-60,-66.2612341491531,-84,2,"23.24-7.50",0
"979","1140720552119",23.24,7.5,7.9,-56.4354204773103,-56,-60,-56,-61,-66.2612341491531,-79,2,"23.24-7.50",0
"980","1140720552371",23.24,7.5,7.9,-67.5,-55,-60.0102496192809,-56,-54.8630723149337,-71,-78,2,"23.24-7.50",0
"981","1140720552623",23.24,7.5,7.9,-56.4354204773103,-56,-59,-56,-62,-72,-78,1,"23.24-7.50",0
"982","1140720552875",23.24,7.5,7.9,-68,-55,-61,-56.6546902475314,-52,-71,-77,1,"23.24-7.50",0
"983","1140720553127",23.24,7.5,7.9,-68,-55,-60,-52,-60,-70,-84,0,"23.24-7.50",0
"984","1140720553379",23.24,7.5,7.9,-67,-56,-58,-55,-59,-68,-77,0,"23.24-7.50",0
"985","1140720553631",23.24,7.5,7.9,-68,-57,-60,-56,-58,-71,-86,0,"23.24-7.50",0
"986","1140720553883",23.24,7.5,7.9,-68,-57,-60,-56.6546902475314,-60,-71,-82,1,"23.24-7.50",0
"987","1140720554135",23.24,7.5,7.9,-68,-55,-61,-55,-60,-70,-82,0,"23.24-7.50",0
"988","1140720554387",23.24,7.5,7.9,-67,-57,-59,-56,-60,-71,-83,0,"23.24-7.50",0
